年月日,名前,項目,内容
M33.1.0,例田直己,住所,
M33.1.0,例田直己,認定年月日,
M33.1.0,例田直己,経営部門(主な品目),施設野菜＋果樹
M33.1.0,例塚広光,住所,
M33.1.0,例塚広光,認定年月日,
M33.1.0,例塚広光,経営部門(主な品目),施設花卉（鉢花）
M33.1.0,例塚広光,就農地（予定）,美談町
M33.1.0,例間智,住所,
M33.1.0,例間智,認定年月日,
M33.1.0,例間智,経営部門(主な品目),施設野菜
M33.1.0,例間智,就農地（予定）,
M33.1.0,例飛忠宏,住所,
M33.1.0,例飛忠宏,認定年月日,
M33.1.0,例飛忠宏,経営部門(主な品目),施設野菜
M33.1.0,例藤学,住所,
M33.1.0,例藤学,認定年月日,
M33.1.0,例藤学,経営部門(主な品目),酪農
M33.1.0,例藤学,就農地（予定）,佐田町反邊
M33.1.0,例部和志,住所,
M33.1.0,例部和志,認定年月日,
M33.1.0,例部和志,経営部門(主な品目),施設花卉（鉢花）
M33.1.0,例部和志,就農地（予定）,
M33.1.0,例上将功,住所,
M33.1.0,例上将功,認定年月日,
M33.1.0,例上将功,経営部門(主な品目),施設花卉（切り花）
M33.1.0,例上将功,就農地（予定）,大社町中荒木
M33.1.0,例田明裕,住所,
M33.1.0,例田明裕,認定年月日,
M33.1.0,例田明裕,経営部門(主な品目),施設花卉（切り花）
M33.1.0,例田明裕,就農地（予定）,荒茅町、大社町中荒木
M33.1.0,例橋育人,住所,
M33.1.0,例橋育人,認定年月日,
M33.1.0,例橋育人,経営部門(主な品目),肉用牛
M33.1.0,例橋育人,就農地（予定）,
M33.1.0,例村大介,住所,
M33.1.0,例村大介,認定年月日,
M33.1.0,例村大介,経営部門(主な品目),施設花卉（鉢花）
M33.1.0,例村大介,就農地（予定）,
M33.1.0,例井忍,住所,
M33.1.0,例井忍,認定年月日,
M33.1.0,例井忍,経営部門(主な品目),施設花卉（切り花）
M33.1.0,例井忍,就農地（予定）,
M33.1.0,例本秀樹,住所,
M33.1.0,例本秀樹,認定年月日,
M33.1.0,例本秀樹,経営部門(主な品目),施設花卉（鉢花）
M33.1.0,例本秀樹,就農地（予定）,平田町
S23.12.26,例江光敏,生年月日,
S23.12.26,例江光敏,ふりがな,ふじえみつとし
S27.12.12,例上敏,生年月日,
S27.12.12,例上敏,ふりがな,いのうえとし
S28.2.8,例野英男,生年月日,
S28.2.8,例野英男,ふりがな,さのひでお
S28.3.4,例江守,生年月日,
S28.3.4,例江守,ふりがな,ふじえもり
S32.2.21,例部政則,生年月日,
S32.2.21,例部政則,ふりがな,かつべまさのり
S32.2.21,例部正則,ふりがな,かつべまさのり
S33.2.8,例本秀樹,生年月日,
S33.2.8,例本秀樹,ふりがな,やまもとひでき
S33.4.6,例山高好,生年月日,
S33.4.6,例山高好,ふりがな,もりやまたかよし
S33.12.25,例藤和之,生年月日,
S33.12.25,例藤和之,ふりがな,いとうかずゆき
S35.3.23,例谷治男,生年月日,
S35.3.23,例谷治男,ふりがな,かじたにはるお
S39.11.27,例ドガー,生年月日,
S39.11.27,例ドガー,ふりがな,えどがーぴみえんと
S40.1.12,例塚広光,生年月日,
S40.1.12,例塚広光,ふりがな,いいづかひろみつ
S40.2.17,例部伸,生年月日,
S40.2.17,例部伸,ふりがな,はっとりのぶ
S40.3.23,例岡孝吏,生年月日,
S40.3.23,例岡孝吏,ふりがな,いまおかたかし
S40.12.3,例田昭人,生年月日,
S40.12.3,例田昭人,ふりがな,しまだあきひと
S41.9.11,例脇雅宏,生年月日,
S41.9.11,例脇雅宏,ふりがな,かどわきまさひろ
S43.2.17,例田直己,生年月日,
S43.2.17,例田直己,ふりがな,あつたなおき
S43.11.30,例津一,生年月日,
S43.11.30,例津一,ふりがな,おおつはじめ
S44.9.20,例田勝,生年月日,
S44.9.20,例田勝,ふりがな,さわだまさる
S44.9.27,例口裕一,生年月日,
S44.9.27,例口裕一,ふりがな,たぐちゆういちろう
S45.1.30,例野篤,生年月日,
S45.1.30,例野篤,ふりがな,ひのあつし
S45.2.27,例川裕司,生年月日,
S45.2.27,例川裕司,ふりがな,ふじかわゆうじ
S45.9.23,例野博,生年月日,
S45.9.23,例野博,ふりがな,ほしのひろし
S46.9.16,例由紀,生年月日,
S46.9.16,例由紀,ふりがな,きしゆき
S47.12.13,例山正幸,生年月日,
S47.12.13,例山正幸,ふりがな,あおやままさゆき
S47.12.28,例藤康浩,生年月日,
S47.12.28,例藤康浩,ふりがな,いとうやすひろ
S48.3.7,例橋英治,生年月日,
S48.3.7,例橋英治,ふりがな,たかはしえいじ
S48.4.1,例山和明,生年月日,
S48.4.1,例山和明,ふりがな,ふるやまかずあき
S48.5.4,例中淳,生年月日,
S48.5.4,例中淳,ふりがな,たなかあつし
S48.8.14,例原陽子,生年月日,
S48.8.14,例原陽子,ふりがな,くわはらようこ
S48.11.12,例田美比,生年月日,
S48.11.12,例田美比,ふりがな,つのだみひこ
S49.2.23,例森隆史,生年月日,
S49.2.23,例森隆史,ふりがな,おおもりたかし
S49.5.3,例下美鳥,生年月日,
S49.5.3,例下美鳥,ふりがな,きのしたみとり
S49.11.16,例上勝則,生年月日,
S49.11.16,例上勝則,ふりがな,かわかみかつのり
S50.4.8,例津誠,生年月日,
S50.4.8,例津誠,ふりがな,あさつまこと
S50.6.26,例本正,生年月日,
S50.6.26,例本正,ふりがな,はしもとただし
S50.7.4,例飛忠宏,生年月日,
S50.7.4,例上将功,生年月日,
S50.7.4,例飛忠宏,ふりがな,いしとびただひろ
S50.7.4,例上将功,ふりがな,かわかみまさのり
S50.7.20,例淳夫,生年月日,
S50.7.20,例淳夫,ふりがな,はらあつお
S50.12.17,例塚聡,生年月日,
S50.12.17,例塚聡,ふりがな,いいづかさとし
S51.1.2,例幡浩喜,生年月日,
S51.1.2,例幡浩喜,ふりがな,おばたひろき
S51.3.17,例川英良,生年月日,
S51.3.17,例川英良,ふりがな,よしかわひでよし
S51.5.4,例井奈穂,生年月日,
S51.5.4,例井奈穂,ふりがな,よしいなほこ
S51.5.6,例原渉,生年月日,
S51.5.6,例原渉,ふりがな,ごうはらわたる
S51.5.28,例村大介,生年月日,
S51.5.28,例村大介,ふりがな,はまむらだいすけ
S51.7.27,例部和志,生年月日,
S51.7.27,例部和志,ふりがな,かつべかずし
S52.1.9,例尾功夫,生年月日,
S52.1.9,例尾功夫,ふりがな,にしおいさお
S52.1.14,例米ミレ,生年月日,
S52.1.14,例米ミレ,ふりがな,くめみれなあけみ
S52.2.4,例田武司,生年月日,
S52.2.4,例田武司,ふりがな,おだたけし
S52.5.12,例田尚志,生年月日,
S52.5.12,例田尚志,ふりがな,ほんだなおし
S52.7.12,例津英雄,生年月日,
S52.7.12,例津英雄,ふりがな,あさつひでお
S52.7.26,例橋晃一,生年月日,
S52.7.26,例橋晃一,ふりがな,たかはしこういち
S52.10.21,例賀治,生年月日,
S52.10.21,例賀治,ふりがな,いとがおさむ
S52.10.29,例橋育人,生年月日,
S52.10.29,例橋育人,ふりがな,たかはしいくひと
S52.12.26,例雨学武,生年月日,
S52.12.26,例雨学武,ふりがな,むらさめのりたけ
S53.3.3,例和田裕,生年月日,
S53.3.3,例和田裕,ふりがな,おおわだひろみ
S53.3.12,例上貴弘,生年月日,
S53.3.12,例上貴弘,ふりがな,かわかみたかひろ
S53.6.16,例飛育久,生年月日,
S53.6.16,例飛育久,ふりがな,いしとびいくひさ
S53.8.10,例藤学,生年月日,
S53.8.10,例藤学,ふりがな,いとうまなぶ
S53.11.10,例田明裕,生年月日,
S53.11.10,例田明裕,ふりがな,そたあきひろ
S53.11.20,例間正史,生年月日,
S53.11.20,例間正史,ふりがな,ふじままさし
S53.12.20,例愛,生年月日,
S53.12.20,例愛,ふりがな,おかあい
S53.12.30,例若暖生,生年月日,
S53.12.30,例若暖生,ふりがな,いまわかあつお
S54.2.24,例間友子,生年月日,
S54.2.24,例間友子,ふりがな,ふじままともこ
S54.11.28,例間智,生年月日,
S54.11.28,例間智,ふりがな,いくまさとし
S55.2.28,例松原幸,生年月日,
S55.2.28,例部兼輔,生年月日,
S55.2.28,例松原幸,ふりがな,こまつばらこうじ
S55.2.28,例部兼輔,ふりがな,わたべかねすけ
S55.3.3,例田寿博,生年月日,
S55.3.3,例田寿博,ふりがな,そたとしひろ
S55.12.25,例村良和,生年月日,
S55.12.25,例村良和,ふりがな,かなむらよしかず
S56.3.25,例田幸司,生年月日,
S56.3.25,例田幸司,ふりがな,やたこうじ
S56.6.10,例田郁子,生年月日,
S56.6.10,例田郁子,ふりがな,やまだいくこ
S56.7.6,例松正嗣,生年月日,
S56.7.6,例松正嗣,ふりがな,こまつまさつぐ
S56.11.20,例井忍,生年月日,
S56.11.20,例井忍,ふりがな,ひらいしのぶ
S56.12.19,例崎慎一,生年月日,
S56.12.19,例崎慎一,ふりがな,やまざきしんいちろう
S57.2.3,例山眞梨,生年月日,
S57.2.19,例浩二,生年月日,
S57.2.19,例浩二,ふりがな,みなみこうじ
S57.4.6,例岡彩子,生年月日,
S57.4.6,例岡彩子,ふりがな,ながおかあやこ
S57.4.26,例村陽介,生年月日,
S57.4.26,例村陽介,ふりがな,なかむらようすけ
S57.5.26,例地孝之,生年月日,
S57.5.26,例地孝之,ふりがな,かたちたかゆき
S57.6.14,例本晃平,生年月日,
S57.6.14,例本晃平,ふりがな,やまもとこうへい
S57.8.22,例部美佳,生年月日,
S57.8.22,例部美佳,ふりがな,しきべみか
S57.8.29,例下義和,生年月日,
S57.8.29,例下義和,ふりがな,たけしたよしかず
S57.11.4,例下洋介,生年月日,
S57.11.4,例下洋介,ふりがな,たけしたようすけ
S57.11.13,例井陽介,生年月日,
S57.11.13,例井陽介,ふりがな,まついようすけ
S58.1.15,例康之,生年月日,
S58.1.15,例康之,ふりがな,おかやすゆき
S58.2.22,例後大,生年月日,
S58.2.22,例合美沙,生年月日,
S58.2.22,例後大,ふりがな,えちごだい
S58.2.22,例合美沙,ふりがな,おちあいみさこ
S58.2.25,例田里美,生年月日,
S58.2.25,例田里美,ふりがな,とみたさとみ
S58.2.28,例笠久志,生年月日,
S58.2.28,例笠久志,ふりがな,きぬがさひさし
S58.3.25,例代稔,生年月日,
S58.3.25,例代稔,ふりがな,たしろとしげ
S58.3.26,例見彰浩,生年月日,
S58.3.26,例見彰浩,ふりがな,つるみあきひろ
S58.6.15,例島克博,生年月日,
S58.6.15,例島克博,ふりがな,ふくしまかつひろ
S58.7.11,例子英也,生年月日,
S58.7.11,例子英也,ふりがな,かねこひでや
S58.8.1,例澤慎平,生年月日,
S58.8.1,例澤慎平,ふりがな,ふかさわしんぺい
S58.8.29,例野充,生年月日,
S58.8.29,例野充,ふりがな,よこのみつる
S58.12.13,例上直樹,生年月日,
S58.12.13,例上直樹,ふりがな,かわかみなおき
S59.3.1,例林悠,生年月日,
S59.3.1,例林悠,ふりがな,こばやしはるか
S59.6.16,例山智美,生年月日,
S59.6.16,例山智美,ふりがな,もりやまともみ
S59.9.28,例口太一,生年月日,
S59.9.28,例口太一,ふりがな,たにぐちたいち
S59.10.16,例内雅,生年月日,
S59.10.16,例内雅,ふりがな,つぼうちまさし
S60.4.6,例田愛子,生年月日,
S60.4.6,例田愛子,ふりがな,もちだあいこ
S60.4.20,例倉浩,生年月日,
S60.4.20,例倉浩,ふりがな,いしくらひろし
S60.4.23,例橋慶多,生年月日,
S60.4.23,例橋慶多,ふりがな,たかはしよした
S60.7.4,例本晶子,生年月日,
S60.7.4,例本晶子,ふりがな,くわもとあきこ
S61.3.15,例科学,生年月日,
S61.3.15,例科学,ふりがな,くらしなまなぶ
S61.3.18,例本崇博,生年月日,
S61.3.18,例本崇博,ふりがな,くにもとたかひろ
S61.4.26,例平慎吾,生年月日,
S61.4.26,例平慎吾,ふりがな,なかひらしんご
S61.8.22,例橋和希,生年月日,
S61.8.22,例橋和希,ふりがな,たかはしかずき
S61.9.6,例宮麻衣,生年月日,
S61.9.6,例宮麻衣,ふりがな,しんぐうまいこ
S61.9.25,例上哲也,生年月日,
S61.9.25,例上哲也,ふりがな,かわかみてつや
S61.12.17,例部智則,生年月日,
S61.12.17,例部智則,ふりがな,あべとものり
S62.8.29,例谷洸大,生年月日,
S62.8.29,例谷洸大,ふりがな,ももたにこうだい
S63.1.14,例内庸輔,生年月日,
S63.1.14,例内庸輔,ふりがな,やまうちようすけ
S63.6.19,例田雄貴,生年月日,
S63.6.19,例田雄貴,ふりがな,やまだゆうき
S63.7.16,例森裕哉,生年月日,
S63.7.16,例森裕哉,ふりがな,うもりゆうや
S63.8.10,例瀬哲也,生年月日,
S63.8.10,例瀬哲也,ふりがな,ながせてつや
S63.12.16,例木大,生年月日,
S63.12.16,例島智博,生年月日,
S63.12.16,例木大,ふりがな,あらきまさる
S63.12.16,例島智博,ふりがな,まえしまともひろ
H1.1.15,例楽達彦,生年月日,
H1.1.15,例楽達彦,ふりがな,やぎらたつひこ
H1.1.15,例楽和彦,生年月日,
H1.10.22,例木脩,生年月日,
H1.10.22,例木脩,ふりがな,たかぎおさむ
H1.11.12,例上翔平,生年月日,
H1.11.12,例上翔平,ふりがな,いのうえしょうへい
H2.8.6,例裕太,生年月日,
H2.8.6,例裕太,ふりがな,はらゆうた
H2.10.16,例脇健斗,生年月日,
H2.10.16,例脇健斗,ふりがな,もりわきけんと
H2.11.21,例福ひか,生年月日,
H2.11.21,例福ひか,ふりがな,だいふくひかる
H4.1.10,例藤由佳,生年月日,
H4.1.10,例藤由佳,ふりがな,さとうゆか
H4.11.21,例部和登,生年月日,
H4.11.21,例部和登,ふりがな,わたべかずと
H4.12.23,例脇光,生年月日,
H4.12.23,例脇光,ふりがな,たてわきひかり
H5.11.30,例幡睦,生年月日,
H5.11.30,例幡睦,ふりがな,やはたむつみ
H5.12.31,例橋智,生年月日,
H5.12.31,例橋智,ふりがな,たかはしさとし
H6.7.12,例相燎,生年月日,
H6.7.12,例相燎,ふりがな,なりあいりょう
H7.6.2,例都宮汰,生年月日,
H7.6.2,例都宮汰,ふりがな,うつのみやたい
H7.8.9,例本剛,生年月日,
H7.8.9,例本剛,ふりがな,くりもとつよし
H8.5.14,例田颯大,生年月日,
H8.5.14,例田颯大,ふりがな,かんだそうた
H8.8.10,例山杏佳,生年月日,
H8.8.10,例山杏佳,ふりがな,もりやまあんか
H9.1.11,例原雅智,生年月日,
H9.1.11,例原雅智,ふりがな,みはらまさとも
H9.7.3,例原駿太,生年月日,
H9.7.3,例原駿太,ふりがな,ふじわらしゅんた
H10.1.21,例谷隼汰,生年月日,
H10.1.21,例谷隼汰,ふりがな,いわやはやた
H11.3.13,例津健太,生年月日,
H11.3.13,例津健太,ふりがな,ふかつけんた
H12.3.26,例平亮介,生年月日,
H12.3.26,例平亮介,ふりがな,こだいらりょうすけ
H13.6.1,例田寿博,住所,
H13.6.1,例田寿博,認定年月日,日付不完全のため同月１日とした
H13.6.1,例田寿博,経営部門(主な品目),施設花卉
H13.6.1,例田寿博,就農地（予定）,
H13.6.1,例田悠一,ふりがな,よしだゆういちろう
H13.6.6,例田悠一,生年月日,
H14.1.3,例織誠全,生年月日,
H14.1.3,例織誠全,ふりがな,にしこりせいぜん
H14.1.13,例織誠全,生年月日,
H14.3.1,例田美比,住所,
H14.3.1,例田美比,認定年月日,日付不完全のため同月１日とした
H14.3.1,例田美比,経営部門(主な品目),施設花卉
H14.3.1,例田美比,就農地（予定）,
H14.4.1,例野篤,住所,
H14.4.1,例野篤,認定年月日,日付不完全のため同月１日とした
H14.4.1,例野篤,経営部門(主な品目),ぶどう
H14.4.1,例野篤,就農地（予定）,斐川町神氷、斐川町求院
H14.8.15,例島浩志,生年月日,
H14.8.15,例島浩志,ふりがな,おおしまひろし
H15.3.26,例野瑞姫,生年月日,
H15.3.26,例野瑞姫,ふりがな,さのみずき
H15.4.1,例藤和之,住所,
H15.4.1,例藤和之,認定年月日,日付不完全のため同月１日とした
H15.4.1,例藤和之,経営部門(主な品目),青ネギ
H15.4.1,例藤和之,就農地（予定）,斐川町三分市、斐川町坂田
H15.4.1,例康之,住所,
H15.4.1,例康之,認定年月日,日付不完全のため同月１日とした
H15.4.1,例康之,経営部門(主な品目),施設野菜
H15.4.1,例康之,就農地（予定）,神西沖町
H15.10.24,例成皓太,生年月日,
H15.10.24,例成皓太,ふりがな,みなりこうた
H15.11.26,例飛忠宏,就農地（予定）,湖陵町板津、湖陵町差海
H15.12.27,例原叶翔,生年月日,
H15.12.27,例原叶翔,ふりがな,ふじわらかなと
H16.1.26,例田直己,就農地（予定）,上岡田町
H17.4.1,例上敏,住所,
H17.4.1,例上敏,認定年月日,日付不完全のため同月１日とした
H17.4.1,例上敏,経営部門(主な品目),青ネギ（施設野菜）
H17.4.1,例上敏,就農地（予定）,斐川町三分市、斐川町坂田
H17.9.28,例下洋介,住所,
H17.9.28,例下洋介,認定年月日,
H17.9.28,例下洋介,経営部門(主な品目),果樹（プルーン）＋露地野菜
H17.9.28,例下洋介,就農地（予定）,佐田町須佐
H18.1.16,例崎慎一,住所,
H18.1.16,例崎慎一,認定年月日,
H18.1.16,例崎慎一,経営部門(主な品目),施設野菜
H18.1.16,例崎慎一,就農地（予定）,大社町中荒木
H18.3.24,例野英男,住所,
H18.3.24,例野英男,認定年月日,
H18.3.24,例野英男,経営部門(主な品目),施設花卉（切り花）
H18.3.24,例野英男,就農地（予定）,中野町、荻杼町
H18.10.25,例津一,住所,
H18.10.25,例津一,認定年月日,
H18.10.25,例津一,経営部門(主な品目),菌床しいたけ
H18.10.25,例津一,就農地（予定）,下古志町
H18.12.1,例田昭人,住所,
H18.12.1,例田昭人,認定年月日,日付不完全のため同月１日とした
H18.12.1,例田昭人,経営部門(主な品目),土地利用型
H18.12.1,例田昭人,就農地（予定）,斐川町上庄原
H18.12.8,例部美佳,住所,
H18.12.8,例部美佳,認定年月日,
H18.12.8,例部美佳,経営部門(主な品目),施設果樹（ぶどう）
H18.12.8,例部美佳,就農地（予定）,大社町中荒木
H19.3.1,例谷治男,住所,
H19.3.1,例谷治男,認定年月日,日付不完全のため同月１日とした
H19.3.1,例谷治男,経営部門(主な品目),青ネギ（施設野菜）
H19.3.1,例谷治男,就農地（予定）,斐川町坂田
H19.3.27,例愛,住所,
H19.3.27,例愛,認定年月日,
H19.3.27,例愛,経営部門(主な品目),果樹（柿）
H19.3.27,例愛,就農地（予定）,
H19.12.21,例村良和,住所,
H19.12.21,例村良和,認定年月日,
H19.12.21,例村良和,経営部門(主な品目),施設果樹（ぶどう）＋施設野菜
H19.12.21,例村良和,就農地（予定）,西園町
H19.12.21,例山和明,住所,
H19.12.21,例山和明,認定年月日,
H19.12.21,例山和明,経営部門(主な品目),施設果樹（ぶどう）
H19.12.21,例山和明,就農地（予定）,松寄下町、浜町、大社町入南
H20.3.28,例林悠,住所,
H20.3.28,例林悠,認定年月日,
H20.3.28,例林悠,経営部門(主な品目),酪農
H20.3.28,例林悠,就農地（予定）,
H21.3.31,例瀬哲也,住所,
H21.3.31,例瀬哲也,認定年月日,
H21.3.31,例瀬哲也,経営部門(主な品目),酪農
H21.3.31,例瀬哲也,就農地（予定）,
H21.3.31,例江守,住所,
H21.3.31,例江守,認定年月日,
H21.3.31,例江守,経営部門(主な品目),施設果樹（いちご）
H21.3.31,例江守,就農地（予定）,神門町
H21.3.31,例川英良,住所,
H21.3.31,例川英良,認定年月日,
H21.3.31,例川英良,経営部門(主な品目),施設果樹（ぶどう）
H21.3.31,例川英良,就農地（予定）,大社町菱根、大社町入南、大社町修理免
H21.7.10,例江光敏,住所,
H21.7.10,例江光敏,認定年月日,
H21.7.10,例江光敏,経営部門(主な品目),施設野菜（アスパラガス）＋露地野菜
H21.7.10,例江光敏,就農地（予定）,神西沖町、西園町
H21.10.20,例上哲也,住所,
H21.10.20,例上哲也,認定年月日,
H21.10.20,例上哲也,経営部門(主な品目),酪農
H21.10.20,例上哲也,就農地（予定）,高松町
H22.2.12,例藤康浩,住所,
H22.2.12,例藤康浩,認定年月日,
H22.2.12,例藤康浩,経営部門(主な品目),施設果樹（ぶどう）
H22.2.12,例藤康浩,就農地（予定）,大社町菱根、大社町入南、大社町中荒木、大社町杵築西
H22.6.11,例幡浩喜,住所,
H22.6.11,例幡浩喜,認定年月日,
H22.6.11,例幡浩喜,経営部門(主な品目),施設果樹（ぶどう）
H22.6.11,例幡浩喜,就農地（予定）,浜町
H22.6.11,例部兼輔,住所,
H22.6.11,例部兼輔,認定年月日,
H22.6.11,例部兼輔,経営部門(主な品目),施設果樹（ぶどう）
H22.6.11,例部兼輔,就農地（予定）,荒茅町、西園町
H23.1.18,例津英雄,住所,
H23.1.18,例津英雄,認定年月日,
H23.1.18,例津英雄,経営部門(主な品目),施設果樹（ぶどう）
H23.1.18,例津英雄,就農地（予定）,西園町、大社町中荒木
H23.1.31,例田愛子,住所,
H23.1.31,例田愛子,認定年月日,
H23.1.31,例田愛子,経営部門(主な品目),施設果樹（ぶどう）、ブルーベリー
H23.1.31,例田愛子,就農地（予定）,上岡田町、園町
H23.3.24,例脇光,住所,
H23.3.24,例脇光,認定年月日,
H23.3.24,例脇光,経営部門(主な品目),水稲育苗受託・受託作業・カリフラワー
H23.3.24,例脇光,就農地（予定）,塩冶町、天神町、古志町
H23.9.12,例原渉,住所,
H23.9.12,例原渉,認定年月日,
H23.9.12,例原渉,経営部門(主な品目),水稲、きゅうり、メロン、春菊、キャベツ、スイートコーン、ブロッコリー、白ネギ
H23.9.12,例原渉,就農地（予定）,神西沖町
H24.6.29,例若暖生,住所,
H24.6.29,例若暖生,認定年月日,
H24.6.29,例若暖生,経営部門(主な品目),アスパラガス、白ねぎ
H24.6.29,例若暖生,就農地（予定）,浜町
H24.6.29,例口裕一,住所,
H24.6.29,例口裕一,認定年月日,
H24.6.29,例口裕一,経営部門(主な品目),トルコギキョウ
H24.6.29,例口裕一,就農地（予定）,今市町北本町５丁目、斐川町出西
H24.7.31,例宮麻衣,住所,
H24.7.31,例宮麻衣,認定年月日,
H24.7.31,例宮麻衣,経営部門(主な品目),キク、ストック、小菊
H24.7.31,例宮麻衣,就農地（予定）,斐川町三分市
H24.7.31,例下美鳥,住所,
H24.7.31,例下美鳥,認定年月日,
H24.7.31,例下美鳥,経営部門(主な品目),ぶどう
H24.7.31,例下美鳥,就農地（予定）,松寄下町、浜町、西園町
H24.7.31,例田勝,住所,
H24.7.31,例田勝,認定年月日,
H24.7.31,例田勝,経営部門(主な品目),ぶどう
H24.7.31,例田勝,就農地（予定）,松寄下町、浜町
H24.8.31,例ドガー,住所,
H24.8.31,例ドガー,認定年月日,
H24.8.31,例ドガー,経営部門(主な品目),施設果樹（ぶどう）
H24.8.31,例ドガー,就農地（予定）,大社町入南、大社町中荒木
H24.8.31,例橋晃一,住所,
H24.8.31,例橋晃一,認定年月日,
H24.8.31,例橋晃一,経営部門(主な品目),トマト、キュウリ
H24.8.31,例橋晃一,就農地（予定）,西代町
H24.8.31,例山正幸,住所,
H24.8.31,例山正幸,認定年月日,
H24.8.31,例山正幸,経営部門(主な品目),キュウリ、トマト、キャベツほか
H24.8.31,例山正幸,就農地（予定）,大津町、斐川町出西
H24.8.31,例森隆史,住所,
H24.8.31,例森隆史,認定年月日,
H24.8.31,例森隆史,経営部門(主な品目),菌床しいたけ、水稲作業受託
H24.8.31,例森隆史,就農地（予定）,園町
H24.8.31,例見彰浩,住所,
H24.8.31,例見彰浩,認定年月日,
H24.8.31,例見彰浩,経営部門(主な品目),水稲、野菜
H24.8.31,例見彰浩,就農地（予定）,高松町
H24.12.27,例松正嗣,住所,
H24.12.27,例松正嗣,認定年月日,
H24.12.27,例松正嗣,経営部門(主な品目),西条柿、富有柿
H24.12.27,例松正嗣,就農地（予定）,東郷町、野石谷町、上岡田町、多久谷町
H25.3.27,例科学,住所,
H25.3.27,例科学,認定年月日,
H25.3.27,例科学,経営部門(主な品目),トルコギキョウ、ストック、白ネギ
H25.3.27,例科学,就農地（予定）,斐川町出西
H25.7.25,例橋智,住所,
H25.7.25,例橋智,認定年月日,
H25.7.25,例橋智,経営部門(主な品目),花卉（トルコギキョウ）
H25.7.25,例橋智,就農地（予定）,出雲市斐川町沖洲
H25.7.25,例裕太,住所,
H25.7.25,例裕太,認定年月日,
H25.7.25,例裕太,経営部門(主な品目),ミニトマト、メロン、ほうれん草
H25.7.25,例裕太,就農地（予定）,出雲市斐川町神庭
H25.9.26,例上直樹,住所,
H25.9.26,例上直樹,認定年月日,
H25.9.26,例上直樹,経営部門(主な品目),ブロッコリー、青ネギ
H25.9.26,例上直樹,就農地（予定）,荒茅町
H25.9.26,例山高好,住所,
H25.9.26,例山高好,認定年月日,
H25.9.26,例山高好,経営部門(主な品目),トルコギキョウ、キンギョソウ
H25.9.26,例山高好,就農地（予定）,国富町
H25.9.26,例倉浩,住所,
H25.9.26,例倉浩,認定年月日,
H25.9.26,例倉浩,経営部門(主な品目),無花果（蓬莱柿）、すもも
H25.9.26,例倉浩,就農地（予定）,荒茅町、西園町、多伎町小田、多伎町多伎
H25.12.6,例脇健斗,住所,
H25.12.6,例脇健斗,認定年月日,
H25.12.6,例脇健斗,経営部門(主な品目),有機野菜
H25.12.6,例脇健斗,就農地（予定）,久多見町
H26.3.18,例脇雅宏,住所,
H26.3.18,例脇雅宏,認定年月日,
H26.3.18,例脇雅宏,経営部門(主な品目),施設果樹（ぶどう）
H26.3.18,例脇雅宏,就農地（予定）,浜町、大社町中荒木
H26.3.18,例相燎,住所,
H26.3.18,例相燎,認定年月日,
H26.3.18,例相燎,経営部門(主な品目),施設果樹（ぶどう）
H26.3.18,例相燎,就農地（予定）,大社町菱根、大社町中荒木
H26.3.18,例幡睦,住所,
H26.3.18,例幡睦,認定年月日,
H26.3.18,例幡睦,経営部門(主な品目),水稲
H26.3.18,例幡睦,就農地（予定）,佐田町須佐、佐田町原田
H26.12.22,例笠久志,住所,
H26.12.22,例笠久志,認定年月日,
H26.12.22,例笠久志,経営部門(主な品目),露地野菜＋施設野菜
H26.12.22,例笠久志,就農地（予定）,神西沖町
H26.12.22,例浩二,住所,
H26.12.22,例浩二,認定年月日,
H26.12.22,例浩二,経営部門(主な品目),露地野菜（生姜）
H26.12.22,例浩二,就農地（予定）,斐川町沖洲、斐川町併川
H27.4.24,例田雄貴,住所,
H27.4.24,例田雄貴,認定年月日,
H27.4.24,例田雄貴,経営部門(主な品目),施設野菜（アスパラガス）
H27.4.24,例田雄貴,就農地（予定）,荒茅町、大社町中荒木
H27.12.24,例由紀,住所,
H27.12.24,例由紀,認定年月日,
H27.12.24,例由紀,経営部門(主な品目),施設果樹（ぶどう）
H27.12.24,例由紀,就農地（予定）,大社町菱根・入南
H27.12.24,例本晶子,住所,
H27.12.24,例本晶子,認定年月日,
H27.12.24,例本晶子,経営部門(主な品目),施設果樹（ぶどう）
H27.12.24,例本晶子,就農地（予定）,西園町・大社町中荒木
H27.12.24,例木脩,住所,
H27.12.24,例木脩,認定年月日,
H27.12.24,例木脩,経営部門(主な品目),柿（露地＋施設）
H27.12.24,例木脩,就農地（予定）,野石谷町
H28.5.27,例津誠,住所,
H28.5.27,例津誠,認定年月日,
H28.5.27,例津誠,経営部門(主な品目),施設野菜（アスパラガス）
H28.5.27,例津誠,就農地（予定）,出雲市湖陵町大池、大社町中荒木
H28.5.27,例都宮汰,住所,
H28.5.27,例都宮汰,認定年月日,
H28.5.27,例都宮汰,経営部門(主な品目),施設果樹（ぶどう）
H28.5.27,例都宮汰,就農地（予定）,出雲市斐川町求院
H28.5.27,例田幸司,住所,
H28.5.27,例田幸司,認定年月日,
H28.5.27,例田幸司,経営部門(主な品目),施設野菜（アスパラガス）
H28.5.27,例田幸司,就農地（予定）,大社町修理免
H28.9.30,例塚聡,住所,
H28.9.30,例塚聡,認定年月日,
H28.9.30,例塚聡,経営部門(主な品目),施設野菜（青ネギ等）
H28.9.30,例塚聡,就農地（予定）,斐川町坂田、三分市
H28.9.30,例原陽子,住所,
H28.9.30,例原陽子,認定年月日,
H28.9.30,例原陽子,経営部門(主な品目),施設果樹（ぶどう）
H28.9.30,例原陽子,就農地（予定）,西園町
H28.9.30,例平慎吾,住所,
H28.9.30,例平慎吾,認定年月日,
H28.9.30,例平慎吾,経営部門(主な品目),施設果樹（ぶどう）
H28.9.30,例平慎吾,就農地（予定）,大社町修理免
H28.9.30,例野博,住所,
H28.9.30,例野博,認定年月日,
H28.9.30,例野博,経営部門(主な品目),施設野菜（アスパラガス）
H28.9.30,例野博,就農地（予定）,大社町修理免
H29.3.23,例藤由佳,住所,
H29.3.23,例藤由佳,認定年月日,
H29.3.23,例藤由佳,経営部門(主な品目),施設果樹（ぶどう）
H29.3.23,例藤由佳,就農地（予定）,大社町中荒木
H29.3.23,例内雅,住所,
H29.3.23,例内雅,認定年月日,
H29.3.23,例内雅,経営部門(主な品目),施設果樹（ぶどう）
H29.3.23,例内雅,就農地（予定）,斐川町求院
H29.4.11,例部政則,住所,
H29.4.11,例部政則,認定年月日,
H29.4.11,例部政則,経営部門(主な品目),施設野菜（アイメックトマト）
H29.4.11,例部政則,就農地（予定）,下古志町、知井宮町
H29.6.1,例部正則,就農地（予定）,知井宮町
H29.6.1,例部正則,就農年月(予定含),就農
H30.1.29,例代稔,住所,
H30.1.29,例代稔,認定年月日,
H30.1.29,例代稔,経営部門(主な品目),施設果樹（ぶどう：シャインマスカット）
H30.1.29,例代稔,就農地（予定）,斐川町求院
H30.1.29,例島智博,住所,
H30.1.29,例島智博,認定年月日,
H30.1.29,例島智博,経営部門(主な品目),施設果樹（ぶどう：デラウェア、シャインマスカット）
H30.1.29,例島智博,就農地（予定）,西園町
H30.1.29,例井奈穂,住所,
H30.1.29,例井奈穂,認定年月日,
H30.1.29,例井奈穂,経営部門(主な品目),施設果樹（ぶどう：シャインマスカット）
H30.1.29,例井奈穂,就農地（予定）,浜町、馬木町、松寄下
H30.6.8,例後大,住所,
H30.6.8,例後大,認定年月日,
H30.6.8,例後大,経営部門(主な品目),施設野菜（菌床しいたけ）
H30.6.8,例後大,就農地（予定）,園町
H30.6.8,例松原幸,住所,
H30.6.8,例松原幸,認定年月日,
H30.6.8,例松原幸,経営部門(主な品目),施設野菜（アスパラガス）
H30.6.8,例松原幸,就農地（予定）,斐川町神庭
H30.6.8,例田尚志,住所,
H30.6.8,例田尚志,認定年月日,
H30.6.8,例田尚志,経営部門(主な品目),施設野菜（菌床しいたけ）
H30.6.8,例田尚志,就農地（予定）,宇那手町
H31.2.21,例米ミレ,住所,
H31.2.21,例米ミレ,認定年月日,
H31.2.21,例米ミレ,経営部門(主な品目),施設果樹（ぶどう：シャインマスカット）
H31.2.21,例米ミレ,就農地（予定）,大社町北荒木
H31.2.21,例井陽介,住所,
H31.2.21,例井陽介,認定年月日,
H31.2.21,例井陽介,経営部門(主な品目),施設果樹（ぶどう：デラウェア、シャインマスカット）
H31.2.21,例井陽介,就農地（予定）,大社町北荒木
R1.5.1,例株）お,農業経営者育成協定,締結
R1.5.1,例株）お,経営部門(主な品目),きゅうり、大根
R1.5.1,例株）お,市町村,出雲市
R1.5.1,例株）お,ふりがな,かぶしきがいしゃおかずくらぶ
R1.5.1,例Ａいず,農業経営者育成協定,締結
R1.5.1,例Ａいず,経営部門(主な品目),ぶどう、水稲
R1.5.1,例Ａいず,市町村,出雲市
R1.5.1,例Ａいず,ふりがな,じぇーえーいずもあぐりかいはつ
R1.5.1,例田農産,農業経営者育成協定,締結
R1.5.1,例田農産,経営部門(主な品目),アスパラガス、葉物野菜
R1.5.1,例田農産,市町村,出雲市
R1.5.1,例田農産,ふりがな,かんだのうさんかぶしきがいしゃ
R1.8.9,例合美沙,住所,
R1.8.9,例合美沙,認定年月日,
R1.8.9,例合美沙,経営部門(主な品目),施設野菜（菌床しいたけ）
R1.8.9,例合美沙,就農地（予定）,神西新町
R1.8.9,例尾功夫,住所,
R1.8.9,例尾功夫,認定年月日,
R1.8.9,例尾功夫,経営部門(主な品目),畜産（繁殖）
R1.8.9,例尾功夫,就農地（予定）,東郷町
R1.8.9,例部和登,住所,
R1.8.9,例部和登,認定年月日,
R1.8.9,例部和登,経営部門(主な品目),施設野菜（キュウリ・トマト）＋露地野菜（キャベツ）
R1.8.9,例部和登,就農地（予定）,大島町
R1.11.1,例山智子,就農地（予定）,神西新町
R1.11.1,例山智子,就農年月(予定含),就農
R1.11.1,例山智子,ふりがな,もりやまともこ
R1.12.23,例部智則,住所,
R1.12.23,例部智則,認定年月日,
R1.12.23,例部智則,経営部門(主な品目),施設野菜（アスパラガス）
R1.12.23,例部智則,就農地（予定）,朝山町・大社町
R1.12.23,例間正史,住所,
R1.12.23,例間正史,認定年月日,
R1.12.23,例間正史,経営部門(主な品目),露地果樹（柿）
R1.12.23,例間正史,就農地（予定）,多久谷町・上岡田町
R1.12.23,例間友子,住所,
R1.12.23,例間友子,認定年月日,
R1.12.23,例間友子,経営部門(主な品目),
R1.12.23,例間友子,就農地（予定）,
R2.1.1,例間正史,就農年月(予定含),就農
R2.1.1,例間正史,ふりがな,ふじままさし、ふじままともこ
R2.2.12,例地孝之,住所,出雲市大社町修理免５０８－８
R2.2.12,例地孝之,認定年月日,
R2.2.12,例地孝之,経営部門(主な品目),施設野菜（アスパラ）・露地果樹（イチジク）
R2.2.12,例地孝之,就農地（予定）,神西町・多伎町
R2.2.12,例平亮介,住所,出雲市白枝町１０６３　グランデ白枝Ａ－１０２
R2.2.12,例平亮介,認定年月日,
R2.2.12,例平亮介,経営部門(主な品目),施設果樹（ぶどう）
R2.2.12,例平亮介,就農地（予定）,求院
R2.2.12,例地孝之,ふりがな,ほうじたかゆき
R2.3.1,例地孝之,就農年月(予定含),就農
R2.4.1,例株）岡,農業経営者育成協定,締結
R2.4.1,例株）岡,経営部門(主な品目),タマネギ、ブロッコリー
R2.4.1,例株）岡,市町村,出雲市
R2.4.1,例株）岡,ふりがな,かぶしきがいしゃおかのうさん
R2.4.1,例株）勝,農業経営者育成協定,締結
R2.4.1,例株）勝,経営部門(主な品目),水稲、大豆
R2.4.1,例株）勝,市町村,出雲市
R2.4.1,例株）勝,ふりがな,かぶしきがいしゃかつべのうさん
R2.4.1,例島克博,就農年月(予定含),就農
R2.10.26,例本剛,住所,出雲市平野町６３６－１　コーポセンティアⅠ－１２
R2.10.26,例本剛,認定年月日,
R2.10.26,例本剛,経営部門(主な品目),施設果樹（ぶどう）
R2.10.26,例本剛,就農地（予定）,大社町中荒木
R2.11.1,例本剛,就農,
R2.11.1,例本剛,経営部門(主な品目),ぶどう
R2.11.1,例本剛,ロードマップ,〇
R2.11.1,例本剛,農業部担当者,内田
R3.1.21,例田颯大,住所,出雲市浜町１９１８－１
R3.1.21,例田颯大,認定年月日,
R3.1.21,例田颯大,経営部門(主な品目),施設野菜（キュウリ・トマト）、露地野菜
R3.1.21,例田颯大,就農地（予定）,神西沖町
R3.1.21,例楽達彦,住所,出雲市天神町２３３－１６
R3.1.21,例楽達彦,認定年月日,
R3.1.21,例楽達彦,経営部門(主な品目),施設果樹（ぶどう）
R3.1.21,例楽達彦,就農地（予定）,浜町
R3.1.21,例津健太,住所,出雲市斐川町沖洲５２０
R3.1.21,例津健太,認定年月日,
R3.1.21,例津健太,経営部門(主な品目),稲作
R3.1.21,例津健太,就農地（予定）,斐川町
R3.1.21,例雨学武,住所,出雲市大塚町１３１１－１４
R3.1.21,例雨学武,認定年月日,
R3.1.21,例雨学武,経営部門(主な品目),施設果樹（ぶどう）
R3.1.21,例雨学武,就農地（予定）,大社町修理免・中荒木
R3.1.21,例田颯太,青年等就農計画推進会議,新規就農
R3.1.21,例田颯太,認定年月日,
R3.2.1,例上勝則,就農,
R3.2.1,例上勝則,経営部門(主な品目),ぶどう
R3.2.1,例上勝則,ロードマップ,〇
R3.2.1,例上勝則,農業部担当者,内田
R3.2.1,例上勝則,就農年月(予定含),就農
R3.2.26,例賀治,住所,出雲市大社町杵築西１９９１－１
R3.2.26,例賀治,認定年月日,
R3.2.26,例賀治,経営部門(主な品目),施設花卉（電照菊）
R3.2.26,例賀治,就農地（予定）,荒茅町
R3.2.26,例中淳,住所,出雲市佐田町反辺１３９４－１
R3.2.26,例中淳,認定年月日,
R3.2.26,例中淳,経営部門(主な品目),施設果樹（ぶどう）
R3.2.26,例中淳,就農地（予定）,大社町
R3.2.26,例島克博,住所,出雲市斐川町荘原３６３９　メゾンＹＯＵ５－２０１
R3.2.26,例島克博,認定年月日,
R3.2.26,例島克博,経営部門(主な品目),露地野菜、施設野菜
R3.2.26,例島克博,就農地（予定）,斐川町
R3.3.1,例津健太,就農,
R3.3.1,例津健太,経営部門(主な品目),水稲
R3.3.1,例津健太,ロードマップ,〇
R3.3.1,例津健太,農業部担当者,野田
R3.3.1,例津健太,就農年月(予定含),就農
R3.3.1,例田颯太,就農,
R3.3.1,例田颯太,経営部門(主な品目),きゅうり
R3.3.1,例田颯太,ロードマップ,
R3.3.1,例田颯太,農業部担当者,長南
R3.3.1,例田颯太,ふりがな,かんだはやた
R3.3.16,例田郁子,就農,
R3.3.16,例田郁子,経営部門(主な品目),アスパラガス
R3.3.16,例田郁子,ロードマップ,〇
R3.3.16,例田郁子,農業部担当者,小村
R3.3.17,例楽達彦,就農,
R3.3.17,例楽達彦,経営部門(主な品目),ぶどう
R3.3.17,例楽達彦,ロードマップ,〇
R3.3.17,例楽達彦,農業部担当者,内田
R3.4.1,例株）G,農業経営者育成協定,締結
R3.4.1,例株）G,経営部門(主な品目),苗（野菜、花）、ミニトマト
R3.4.1,例株）G,市町村,出雲市
R3.4.1,例株）G,ふりがな,かぶしきがいしゃがーねっとがーでん
R3.4.1,例谷隼汰,就農,
R3.4.1,例谷隼汰,ロードマップ,〇
R3.4.1,例谷隼汰,農業部担当者,内田
R3.4.1,例谷隼汰,就農年月(予定含),就農
R3.4.1,例谷隼汰,経営部門(主な品目),ぶどう
R3.4.1,例橋和希,就農年月(予定含),予定
R3.4.1,例橋和希,経営部門(主な品目),アスパラガス
R3.4.1,例橋和希,就農,
R3.4.1,例橋和希,ロードマップ,〇
R3.4.1,例賀治,就農,
R3.4.1,例賀治,経営部門(主な品目),菊
R3.4.1,例賀治,ロードマップ,〇
R3.4.1,例賀治,農業部担当者,杉山
R3.4.1,例村陽介,就農年月(予定含),予定
R3.4.1,例地孝之,就農地（予定）,大社
R3.5.31,例谷隼汰,住所,出雲市大社町入南１４００－９　フォレストーク２０３
R3.5.31,例谷隼汰,認定年月日,
R3.5.31,例谷隼汰,経営部門(主な品目),施設果樹（ぶどう）
R3.5.31,例谷隼汰,就農地（予定）,大社町
R3.5.31,例谷隼汰,青年等就農計画推進会議,新規就農
R3.5.31,例谷隼汰,就農地（予定）,大社
R3.5.31,例地孝之,青年等就農計画推進会議,規模拡大等
R3.5.31,例地孝之,経営部門(主な品目),アスパラガス、いちじく
R3.6.1,例上翔平,就農,
R3.6.1,例上翔平,経営部門(主な品目),青ねぎ
R3.6.1,例上翔平,ロードマップ,〇
R3.6.1,例上翔平,農業部担当者,山本樹
R3.6.1,例上翔平,就農年月(予定含),予定
R3.8.25,例川裕司,住所,出雲市白枝町１００４－１　Ｃ－２０２
R3.8.25,例川裕司,認定年月日,
R3.8.25,例川裕司,就農地（予定）,浜町
R3.8.25,例川裕司,経営部門(主な品目),ぶどう
R3.8.25,例山智美,住所,出雲市高岡町９８８－６
R3.8.25,例山智美,認定年月日,
R3.8.25,例山智美,経営部門(主な品目),施設野菜（菌床椎茸）
R3.8.25,例山智美,就農地（予定）,神西新町
R3.8.25,例部正則,青年等就農計画推進会議,設備導入
R3.8.25,例部正則,経営部門(主な品目),トマト
R3.8.25,例山智子,青年等就農計画推進会議,新規就農
R3.8.25,例山智子,経営部門(主な品目),菌床椎茸
R3.8.25,例川裕司,青年等就農計画推進会議,新規就農
R3.8.25,例川裕司,就農地（予定）,（浜町）
R3.8.25,例川裕司,就農年月(予定含),予定
R3.10.1,例川裕司,就農,
R3.10.1,例川裕司,経営部門(主な品目),ぶどう
R3.10.1,例川裕司,ロードマップ,
R3.10.1,例川裕司,農業部担当者,内田
R4.2.14,例上翔平,住所,出雲市斐川町三分市１４１２
R4.2.14,例上翔平,認定年月日,
R4.2.14,例上翔平,就農地（予定）,斐川町沖洲
R4.2.14,例上翔平,経営部門(主な品目),青ねぎ
R4.2.14,例橋英治,住所,出雲市大社町中荒木３８－５　リベット浜山Ｅ１０２
R4.2.14,例橋英治,認定年月日,
R4.2.14,例橋英治,就農地（予定）,大社町中荒木
R4.2.14,例橋英治,経営部門(主な品目),ぶどう
R4.2.14,例山眞梨,住所,出雲市大社町杵築西２１１９－２
R4.2.14,例山眞梨,認定年月日,
R4.2.14,例山眞梨,就農地（予定）,大社町中荒木
R4.2.14,例山眞梨,経営部門(主な品目),ぶどう
R4.2.14,例村陽介,住所,出雲市浜町１９０４－１１
R4.2.14,例村陽介,認定年月日,
R4.2.14,例村陽介,経営部門(主な品目),施設果樹（ぶどう）
R4.2.14,例村陽介,就農地（予定）,浜町
R4.2.14,例原雅智,住所,出雲市湖陵町板津５４８
R4.2.14,例原雅智,認定年月日,
R4.2.14,例原雅智,就農地（予定）,湖陵町
R4.2.14,例原雅智,経営部門(主な品目),西浜いも
R4.2.14,例上翔平,青年等就農計画推進会議,新規就農
R4.2.14,例上翔平,就農地（予定）,（斐川）
R4.2.14,例山眞梨,ふりがな,とやままりこ
R4.2.14,例山眞梨,青年等就農計画推進会議,新規就農
R4.2.14,例山眞梨,就農地（予定）,（大社）
R4.2.14,例橋和希,住所,出雲市大社町北荒木１３９１－１
R4.2.14,例橋和希,認定年月日,
R4.2.14,例橋和希,就農地（予定）,浜町
R4.2.14,例橋和希,農業部担当者,小村
R4.2.14,例橋和希,経営部門(主な品目),アスパラガス
R4.2.14,例橋英治,青年等就農計画推進会議,新規就農
R4.2.14,例橋英治,就農地（予定）,（大社）
R4.2.14,例橋和希,青年等就農計画推進会議,新規就農
R4.2.14,例橋和希,就農地（予定）,（浜町）
R4.2.14,例原雅智,青年等就農計画推進会議,新規就農
R4.2.14,例村陽介,青年等就農計画推進会議,新規就農
R4.2.14,例村陽介,就農地（予定）,（浜町）
R4.3.1,例山眞梨,就農,
R4.3.1,例山眞梨,経営部門(主な品目),ぶどう
R4.3.1,例山眞梨,ロードマップ,〇
R4.3.1,例山眞梨,農業部担当者,内田
R4.3.1,例山眞梨,就農年月(予定含),予定
R4.3.1,例橋英治,就農,
R4.3.1,例橋英治,経営部門(主な品目),ぶどう
R4.3.1,例橋英治,ロードマップ,〇
R4.3.1,例橋英治,農業部担当者,内田
R4.3.1,例橋英治,就農年月(予定含),就農
R4.3.1,例橋英治,就農年月(予定含),予定
R4.3.1,例橋慶多,就農年月(予定含),予定
R4.3.1,例原雅智,就農,
R4.3.1,例原雅智,経営部門(主な品目),西浜いも
R4.3.1,例原雅智,ロードマップ,〇
R4.3.1,例原雅智,農業部担当者,山本隼
R4.3.18,例株）G,農業経営者育成協定,解約
R4.4.1,例木農園,農業経営者育成協定,締結
R4.4.1,例木農園,経営部門(主な品目),ミニトマト、その他野菜
R4.4.1,例木農園,ふりがな,たまきのうえん
R4.4.1,例村陽介,就農,
R4.4.1,例村陽介,経営部門(主な品目),ぶどう
R4.4.1,例村陽介,ロードマップ,〇
R4.4.1,例村陽介,農業部担当者,内田
R4.5.26,例上勝則,住所,出雲市佐田町東村３３１
R4.5.26,例上勝則,認定年月日,
R4.5.26,例上勝則,経営部門(主な品目),施設果樹（ぶどう）
R4.5.26,例上勝則,就農地（予定）,大社町中荒木
R4.5.26,例橋慶多,住所,出雲市大社町北荒木２４８－２
R4.5.26,例橋慶多,認定年月日,
R4.5.26,例橋慶多,経営部門(主な品目),施設果樹（ぶどう）
R4.5.26,例橋慶多,就農地（予定）,大島町、外園町
R4.5.26,例橋慶多,青年等就農計画推進会議,新規就農
R4.5.26,例上勝則,青年等就農計画推進会議,新規就農
R4.5.26,例間正史,青年等就農計画推進会議,作業場新設、導入機械変更
R4.5.26,例間正史,経営部門(主な品目),柿
R4.8.19,例飛育久,住所,出雲市湖陵町板津４２４－１
R4.8.19,例飛育久,認定年月日,
R4.8.19,例飛育久,経営部門(主な品目),露地野菜（西浜いも）
R4.8.19,例飛育久,就農地（予定）,湖陵町
R4.8.19,例橋慶多,青年等就農計画推進会議,変更（修正）
R4.8.19,例橋慶多,就農地（予定）,出雲
R4.8.19,例飛育久,青年等就農計画推進会議,新規就農
R4.8.19,例飛育久,就農地（予定）,湖陵
R4.8.19,例楽和彦,住所,出雲市天神町２３３－１６
R4.8.19,例楽和彦,認定年月日,
R4.8.19,例楽和彦,経営部門(主な品目),施設果樹（ぶどう）
R4.8.19,例楽和彦,就農地（予定）,浜町
R4.8.19,例楽和彦,青年等就農計画推進会議,新規就農
R4.8.19,例楽和彦,経営部門(主な品目),ぶどう
R4.8.19,例楽和彦,就農地（予定）,出雲
R4.8.19,例楽和彦,ふりがな,なぎらかずひこ
R4.10.1,例飛育久,就農,
R4.10.1,例飛育久,経営部門(主な品目),かんしょ
R4.10.1,例飛育久,ロードマップ,〇
R4.10.1,例飛育久,農業部担当者,山本隼
R4.10.1,例飛育久,就農年月(予定含),就農
R4.10.1,例楽和彦,就農,
R4.10.1,例楽和彦,経営部門(主な品目),ぶどう
R4.10.1,例楽和彦,ロードマップ,〇
R4.10.1,例楽和彦,農業部担当者,内田
R4.10.1,例楽和彦,就農年月(予定含),就農
R4.10.1,例楽和彦,認定年月日,
R4.11.2,例田武司,住所,出雲市大社町杵築北２６３０
R4.11.2,例田武司,認定年月日,
R4.11.2,例田武司,経営部門(主な品目),施設野菜（アスパラガス）
R4.11.2,例田武司,就農地（予定）,荒茅町
R4.11.2,例内庸輔,住所,出雲市湖陵町二部１６６７－４
R4.11.2,例内庸輔,認定年月日,
R4.11.2,例内庸輔,経営部門(主な品目),施設野菜（アスパラガス）
R4.11.2,例内庸輔,就農地（予定）,西園町、湖陵町
R4.11.2,例本晃平,住所,出雲市東福町２４３番地４７ビレッジハウス雲州平田２－１０６
R4.11.2,例本晃平,認定年月日,
R4.11.2,例本晃平,経営部門(主な品目),施設花卉（アジサイ、シクラメン）
R4.11.2,例本晃平,就農地（予定）,平田町
R4.11.2,例内庸輔,青年等就農計画推進会議,新規就農
R4.11.2,例内庸輔,就農地（予定）,出雲
R4.11.2,例本晃平,青年等就農計画推進会議,新規就農
R4.11.2,例本晃平,就農地（予定）,平田
R4.11.2,例田武司,青年等就農計画推進会議,新規就農
R4.11.2,例田武司,就農地（予定）,出雲
R5.1.1,例本晃平,就農,
R5.1.1,例本晃平,経営部門(主な品目),あじさい
R5.1.1,例本晃平,ロードマップ,〇
R5.1.1,例本晃平,農業部担当者,杉山
R5.1.1,例本晃平,就農年月(予定含),就農
R5.2.13,例木大,住所,出雲市灘分町１９９１
R5.2.13,例木大,認定年月日,
R5.2.13,例木大,経営部門(主な品目),稲作＋露地野菜（ブロッコリー）
R5.2.13,例木大,就農地（予定）,灘分町地内
R5.2.13,例森裕哉,住所,出雲市古志町２１２９－５９
R5.2.13,例森裕哉,認定年月日,
R5.2.13,例森裕哉,経営部門(主な品目),施設果樹（ぶどう）
R5.2.13,例森裕哉,就農地（予定）,西園町、朝山町
R5.2.13,例岡彩子,住所,出雲市矢野町７６３－１
R5.2.13,例岡彩子,認定年月日,
R5.2.13,例岡彩子,経営部門(主な品目),施設果樹（ぶどう）
R5.2.13,例岡彩子,就農地（予定）,大社町菱根
R5.2.13,例森裕哉,青年等就農計画推進会議,新規就農
R5.2.13,例森裕哉,経営部門(主な品目),ぶどう
R5.2.13,例森裕哉,就農地（予定）,出雲
R5.2.13,例岡彩子,青年等就農計画推進会議,新規就農
R5.2.13,例岡彩子,就農地（予定）,出雲
R5.2.13,例木大,青年等就農計画推進会議,新規就農
R5.2.13,例木大,就農地（予定）,平田
R5.2.13,例津健太,青年等就農計画推進会議,機械導入
R5.2.13,例津健太,就農地（予定）,斐川
R5.3.1,例橋慶多,就農,
R5.3.1,例橋慶多,経営部門(主な品目),ぶどう
R5.3.1,例橋慶多,ロードマップ,〇
R5.3.1,例橋慶多,農業部担当者,内田
R5.3.1,例橋慶多,就農年月(予定含),就農
R5.3.1,例内庸輔,就農,
R5.3.1,例内庸輔,経営部門(主な品目),アスパラガス
R5.3.1,例内庸輔,ロードマップ,〇
R5.3.1,例内庸輔,農業部担当者,小村
R5.3.1,例内庸輔,就農年月(予定含),就農
R5.3.1,例田武司,就農,
R5.3.1,例田武司,経営部門(主な品目),アスパラガス
R5.3.1,例田武司,ロードマップ,〇
R5.3.1,例田武司,農業部担当者,小村
R5.3.1,例田武司,就農年月(予定含),就農
R5.4.1,例株）i,農業経営者育成協定,締結
R5.4.1,例株）i,経営部門(主な品目),ぶどう、西浜いも
R5.4.1,例株）i,市町村,出雲市
R5.4.1,例株）i,ふりがな,かぶしきがいしゃあいあいふぁーむ
R5.4.1,例岡彩子,就農,
R5.4.1,例岡彩子,経営部門(主な品目),ぶどう
R5.4.1,例岡彩子,ロードマップ,〇
R5.4.1,例岡彩子,農業部担当者,内田
R5.4.1,例木大,就農,
R5.4.1,例木大,経営部門(主な品目),水稲
R5.4.1,例木大,ロードマップ,〇
R5.4.1,例木大,農業部担当者,新田・山崎健
R5.4.1,例木大,就農年月(予定含),就農
R5.6.5,例織誠全,住所,出雲市斐川町荘原２８４６番地１
R5.6.5,例織誠全,認定年月日,
R5.6.5,例織誠全,経営部門(主な品目),施設野菜（トマト）
R5.6.5,例織誠全,就農地（予定）,斐川町沖洲
R5.6.5,例谷洸大,住所,出雲市稗原町１２６８番地
R5.6.5,例谷洸大,認定年月日,
R5.6.5,例谷洸大,経営部門(主な品目),施設野菜（菌床椎茸）
R5.6.5,例谷洸大,就農地（予定）,稗原町
R5.6.5,例織誠全,認定新規就農者,認定
R5.6.5,例織誠全,青年等就農計画推進会議,新規就農
R5.6.5,例織誠全,就農地（予定）,（斐川）
R5.6.5,例織誠全,市町村,出雲市
R5.6.5,例橋英治,青年等就農計画推進会議,導入機械変更
R5.6.5,例橋英治,就農地（予定）,大社
R5.6.5,例橋慶多,青年等就農計画推進会議,導入機械変更、作付面積拡大
R5.6.5,例橋慶多,就農地（予定）,出雲
R5.6.5,例谷洸大,青年等就農計画推進会議,新規就農
R5.6.5,例谷洸大,就農地（予定）,（出雲）
R5.6.5,例間正史,青年等就農計画推進会議,導入機械変更
R5.6.5,例間正史,経営部門(主な品目),柿
R5.6.5,例間正史,就農地（予定）,平田
R5.9.30,例上亜希,就農時期,予定
R5.9.30,例上亜希,青年等就農計画推進会議,就農年月（予定含）
R5.9.30,例上亜希,就農年月(予定含),就農
R5.9.30,例上亜希,ふりがな,かわかみあき
R5.11.30,例田郁子,住所,出雲市大社町北荒木１７５０番地３
R5.11.30,例田郁子,認定年月日,
R5.11.30,例田郁子,経営部門(主な品目),施設野菜（アスパラ）
R5.11.30,例田郁子,就農地（予定）,大社町北荒木
R5.11.30,例野充,住所,出雲市塩冶町４９８番地
R5.11.30,例野充,認定年月日,
R5.11.30,例野充,経営部門(主な品目),施設果樹（ぶどう）
R5.11.30,例野充,就農地（予定）,大社町入南、菱根、修理免
R5.11.30,例野充,青年等就農計画推進会議,新規就農
R5.11.30,例野充,就農地（予定）,大社
R5.11.30,例木大,青年等就農計画推進会議,導入機械変更
R5.11.30,例木大,就農地（予定）,平田
R5.11.30,例木大,経営部門(主な品目),水稲
R5.11.30,例田郁子,青年等就農計画推進会議,新規就農
R5.11.30,例田郁子,就農地（予定）,大社
R6.1.1,例谷洸大,就農年月(予定含),予定
R6.2.20,例谷洸大,就農,
R6.2.20,例谷洸大,経営部門(主な品目),菌床しいたけ
R6.2.20,例谷洸大,ロードマップ,
R6.2.20,例谷洸大,農業部担当者,（林業部）
R6.2.21,例上翔平,青年等就農計画推進会議,施設整備
R6.2.21,例上翔平,就農地（予定）,斐川
R6.2.21,例谷隼汰,青年等就農計画推進会議,運転資金、施設整備
R6.2.21,例谷隼汰,就農地（予定）,大社
R6.2.21,例織誠全,青年等就農計画推進会議,運転資金、施設整備
R6.2.21,例織誠全,就農地（予定）,（斐川）
R6.2.21,例織誠全,経営部門(主な品目),トマト
R6.2.21,例原雅智,青年等就農計画推進会議,施設整備
R6.2.21,例原雅智,就農地（予定）,湖陵
R6.2.21,例原雅智,経営部門(主な品目),西浜いも
R6.2.21,例飛育久,青年等就農計画推進会議,施設整備
R6.2.21,例飛育久,就農地（予定）,湖陵
R6.2.21,例飛育久,経営部門(主な品目),西浜いも
R6.3.1,例野充,就農,
R6.3.1,例野充,経営部門(主な品目),ぶどう
R6.3.1,例野充,ロードマップ,
R6.3.1,例野充,農業部担当者,内田
R6.4.1,例織誠全,就農,
R6.4.1,例織誠全,経営部門(主な品目),トマト
R6.4.1,例織誠全,ロードマップ,〇
R6.4.1,例織誠全,農業部担当者,大倉
R6.4.1,例織誠全,就農年月(予定含),予定
R6.4.1,例若暖生,農業経営者育成協定,締結
R6.4.1,例若暖生,経営部門(主な品目),アスパラガス、白ねぎ
R6.4.1,例野博,農業経営者育成協定,締結
R6.4.1,例野博,経営部門(主な品目),アスパラガス
R6.5.29,例田悠一,認定新規就農者,認定
R6.5.29,例田悠一,青年等就農計画推進会議,新規就農
R6.5.29,例田悠一,経営部門(主な品目),ぶどう
R6.5.29,例田悠一,就農地（予定）,（出雲）
R6.5.29,例田悠一,認定年月日,
R6.5.29,例田悠一,市町村,出雲市
R6.5.29,例本正,認定新規就農者,認定
R6.5.29,例本正,青年等就農計画推進会議,新規就農
R6.5.29,例本正,経営部門(主な品目),アスパラガス
R6.5.29,例本正,就農地（予定）,（出雲）
R6.5.29,例本正,認定年月日,
R6.5.29,例本正,市町村,出雲市
R6.5.29,例福ひか,認定新規就農者,認定
R6.5.29,例福ひか,青年等就農計画推進会議,新規就農
R6.5.29,例福ひか,経営部門(主な品目),ぶどう
R6.5.29,例福ひか,就農地（予定）,（平田）
R6.5.29,例福ひか,認定年月日,
R6.5.29,例福ひか,市町村,出雲市
R6.5.29,例島克博,青年等就農計画推進会議,運転資金、施設整備
R6.5.29,例島克博,経営部門(主な品目),野菜
R6.5.29,例島克博,就農地（予定）,斐川
R6.7.19,例口太一,認定新規就農者,認定
R6.7.19,例口太一,青年等就農計画推進会議,新規就農
R6.7.19,例口太一,経営部門(主な品目),ぶどう
R6.7.19,例口太一,就農地（予定）,（出雲）
R6.7.19,例口太一,認定年月日,
R6.7.19,例口太一,市町村,出雲市
R6.7.19,例田里美,認定新規就農者,認定
R6.7.19,例田里美,青年等就農計画推進会議,新規就農
R6.7.19,例田里美,経営部門(主な品目),アスパラガス、青ネギ
R6.7.19,例田里美,就農地（予定）,（平田）
R6.7.19,例田里美,認定年月日,
R6.7.19,例田里美,市町村,出雲市
R7.1.1,例田悠一,就農,
R7.1.1,例田悠一,経営部門(主な品目),ぶどう
R7.1.1,例田悠一,ロードマップ,〇
R7.1.1,例田悠一,農業部担当者,内田
R7.1.1,例田悠一,就農年月(予定含),予定
R7.1.1,例淳夫,就農年月(予定含),予定
R7.1.1,例口太一,就農,
R7.1.1,例口太一,経営部門(主な品目),ぶどう
R7.1.1,例口太一,ロードマップ,〇
R7.1.1,例口太一,農業部担当者,内田
R7.1.1,例口太一,就農年月(予定含),予定
R7.3.1,例本正,就農,
R7.3.1,例本正,経営部門(主な品目),アスパラガス・白ねぎ
R7.3.1,例本正,ロードマップ,〇
R7.3.1,例本正,農業部担当者,小村
R7.3.1,例本正,就農年月(予定含),予定
R7.3.1,例福ひか,就農,
R7.3.1,例福ひか,経営部門(主な品目),ぶどう
R7.3.1,例福ひか,ロードマップ,〇
R7.3.1,例福ひか,農業部担当者,内田
R7.3.1,例福ひか,就農年月(予定含),予定
R7.3.1,例田里美,就農,
R7.3.1,例田里美,経営部門(主な品目),アスパラガス・白ねぎ
R7.3.1,例田里美,ロードマップ,〇
R7.3.1,例田里美,農業部担当者,小村
R7.3.1,例田里美,就農年月(予定含),予定
R7.3.17,例同）S,農業経営者育成協定,締結
R7.3.17,例同）S,経営部門(主な品目),花き
R7.3.17,例同）S,市町村,出雲市
R7.3.17,例同）S,ふりがな,どうしまねふらわーらぼ
R7.3.24,例田武司,青年等就農計画推進会議,機械・施設整備
R7.3.24,例田武司,就農地（予定）,出雲
R7.3.24,例津健太,青年等就農計画推進会議,機械整備
R7.3.24,例津健太,就農地（予定）,斐川
R7.3.24,例飛葵惟,認定新規就農者,認定
R7.3.24,例飛葵惟,青年等就農計画推進会議,新規就農
R7.3.24,例飛葵惟,就農地（予定）,（湖陵）
R7.3.24,例飛葵惟,認定年月日,
R7.3.24,例飛葵惟,市町村,出雲市
R7.3.24,例飛葵惟,ふりがな,いしとびあおい
R7.4.1,例飛葵惟,就農,
R7.4.1,例飛葵惟,経営部門(主な品目),かんしょ、白ねぎ
R7.4.1,例飛葵惟,ロードマップ,〇
R7.4.1,例飛葵惟,農業部担当者,山本隼・樹
R7.4.1,例飛葵惟,就農年月(予定含),予定
R7.6.2,例淳夫,青年等就農計画推進会議,新規就農
R7.6.2,例淳夫,経営部門(主な品目),いちご
R7.6.2,例淳夫,就農地（予定）,（出雲）
R7.6.2,例木大,青年等就農計画推進会議,機械・施設整備
R7.6.2,例木大,経営部門(主な品目),ブロッコリー
R7.6.2,例木大,就農地（予定）,平田
R7.6.2,例橋英治,青年等就農計画推進会議,新品種への改植、機械整備
R7.6.2,例橋英治,就農地（予定）,大社
R7.6.2,例原駿太,認定新規就農者,認定
R7.6.2,例原駿太,青年等就農計画推進会議,新規就農
R7.6.2,例原駿太,経営部門(主な品目),アスパラガス、だいこん、白ねぎ
R7.6.2,例原駿太,就農地（予定）,（大社）
R7.6.2,例原駿太,認定年月日,
R7.6.2,例原駿太,市町村,出雲市
R7.7.1,例淳夫,就農時期,予定
R7.7.22,例田優奈,ふりがな,おんだゆうな
R7.7.22,例澤慎平,認定新規就農者,認定
R7.7.22,例澤慎平,青年等就農計画推進会議,新規就農
R7.7.22,例澤慎平,就農地（予定）,（出雲）
R7.7.22,例澤慎平,認定年月日,
R7.7.22,例澤慎平,市町村,出雲市
R7.7.22,例上亜希,認定新規就農者,認定
R7.7.22,例上亜希,青年等就農計画推進会議,新規就農
R7.7.22,例上亜希,就農地（予定）,大社
R7.7.22,例上亜希,認定年月日,
R7.7.22,例上亜希,市町村,出雲市
R7.7.22,例下義和,認定新規就農者,認定
R7.7.22,例下義和,青年等就農計画推進会議,新規就農
R7.7.22,例下義和,就農地（予定）,（出雲）
R7.7.22,例下義和,認定年月日,
R7.7.22,例下義和,市町村,出雲市
R7.10.23,例藤颯哉,区分,研修生
R7.10.23,例藤颯哉,重点推進事項,
R7.10.23,例藤颯哉,県内者UT者(前住)IT者(出身),県内者
R7.10.23,例藤颯哉,研修方法,雇用経由
R7.10.23,例藤颯哉,研修・雇用期間※現段階の期間,Ｒ６．４～Ｒ１１．３
R7.10.23,例藤颯哉,就農区分（予定含）,制度外
R7.10.23,例藤颯哉,＜研修、就農内容等の特記事項＞,Ｒ６．３農林大卒業、出雲市の県畜産技術センターに畜産作業員としてＲ１１．３まで雇用研修（５年間）父の肥育牛経営（１２０頭）を継承する親元就農か、認定新規就農者として新規部門の繁殖牛経営に取り組むか検討中。一方で、祖父母の経営する柿園の取扱いに悩んでいる。
R7.10.23,例藤颯哉,就農年月(予定含),Ｒ１１．４（予定）
R7.10.23,例藤颯哉,産業体験・研修・雇用受入経営体名,畜産技術センター
R7.10.23,例藤颯哉,経営部門(主な品目),肥育牛
R7.10.23,例藤颯哉,市町村,出雲市
R7.10.23,例藤颯哉,ふりがな,いとうはやや
R7.10.23,例上翔平,市町村,出雲市
R7.10.23,例森裕哉,市町村,出雲市
R7.10.23,例岡彩子,市町村,出雲市
R7.10.23,例野充,市町村,出雲市
R7.10.23,例田優奈,区分,研修生
R7.10.23,例田優奈,重点推進事項,産地創生
R7.10.23,例田優奈,県内者UT者(前住)IT者(出身),県内者
R7.10.23,例田優奈,研修方法,雇用経由
R7.10.23,例田優奈,研修・雇用期間※現段階の期間,Ｒ３．４．１～未定　　　　
R7.10.23,例田優奈,就農区分（予定含）,
R7.10.23,例田優奈,＜研修、就農内容等の特記事項＞,Ｒ３．３農大（果樹専攻）卒業。松江市出身。出雲でぶどうでの就農を目指し、雇用研修中。アグリ開発ぶどう部門でトップの技術者で、会社としても重要な人材となっている。本人の意向が、会社に指導者として残る道に傾いてきている（Ｒ５．８．３社長から聞取り）。※本リストから削除するか要検討
R7.10.23,例田優奈,就農年月(予定含),未定
R7.10.23,例田優奈,産業体験・研修・雇用受入経営体名,ＪＡいずもアグリ開発
R7.10.23,例田優奈,経営部門(主な品目),果樹（ぶどう）
R7.10.23,例田優奈,市町村,出雲市
R7.10.23,例谷隼汰,市町村,出雲市
R7.10.23,例田悠一,区分,就農者
R7.10.23,例田悠一,重点推進事項,産地創生
R7.10.23,例田悠一,県内者UT者(前住)IT者(出身),県内者
R7.10.23,例田悠一,研修方法,雇用経由
R7.10.23,例田悠一,研修・雇用期間※現段階の期間,Ｒ４．４～Ｒ６．３
R7.10.23,例田悠一,就農区分（予定含）,認新
R7.10.23,例田悠一,＜研修、就農内容等の特記事項＞,Ｒ４．３農大卒業後、農技センターに勤務し、ぶどう栽培管理の経験を積んでいる。Ｒ６年春から祖父の農業を手伝い、Ｒ６．５青年等就農計画認定。
R7.10.23,例田悠一,就農年月(予定含),Ｒ７．１
R7.10.23,例田悠一,産業体験・研修・雇用受入経営体名,農技センター
R7.10.23,例本正,区分,就農者
R7.10.23,例本正,重点推進事項,水田園芸
R7.10.23,例本正,県内者UT者(前住)IT者(出身),ＩＴ者（埼玉県）
R7.10.23,例本正,研修方法,農林大
R7.10.23,例本正,研修・雇用期間※現段階の期間,Ｒ６．４～Ｒ７．２
R7.10.23,例本正,就農区分（予定含）,認新
R7.10.23,例本正,＜研修、就農内容等の特記事項＞,産業体験：Ｒ５．４．１～Ｒ６．３．３１アスパラでの就農を目指し、Ｒ６年４月農大短期養成コース入学。Ｒ６年５月就農計画認定。
R7.10.23,例本正,就農年月(予定含),Ｒ７．３（予定）
R7.10.23,例本正,産業体験・研修・雇用受入経営体名,今若暖生
R7.10.23,例和布,市町村,出雲市
R7.10.23,例原一輝,区分,研修生
R7.10.23,例原一輝,就農時期,予定
R7.10.23,例原一輝,就農地（予定）,平田
R7.10.23,例原一輝,認定新規就農者,予定
R7.10.23,例原一輝,産業体験・研修・雇用受入経営体名,
R7.10.23,例原一輝,重点推進事項,
R7.10.23,例原一輝,県内者UT者(前住)IT者(出身),ＵＴ者（広島県）
R7.10.23,例原一輝,研修方法,産業体験
R7.10.23,例原一輝,研修・雇用期間※現段階の期間,Ｒ７．９～Ｒ８．３（予定）
R7.10.23,例原一輝,就農区分（予定含）,認新
R7.10.23,例原一輝,＜研修、就農内容等の特記事項＞,Ｒ８年４月農林大学校短期養成コース入学予定希望Ｒ７年１０月１０日就農相談予定（ハウス見積金額等の計画変更）
R7.10.23,例原一輝,就農年月(予定含),Ｒ９．３（予定）
R7.10.23,例原一輝,産業体験・研修・雇用受入経営体名,神田農産（株）（予定）
R7.10.23,例原一輝,経営部門(主な品目),野菜（アスパラガス）
R7.10.23,例原一輝,市町村,出雲市
R7.10.23,例原一輝,ふりがな,ごうはらかずき
R7.10.23,例木農園,市町村,出雲市
R7.10.23,例織誠全,区分,就農者
R7.10.23,例織誠全,重点推進事項,
R7.10.23,例織誠全,県内者UT者(前住)IT者(出身),県内者
R7.10.23,例織誠全,研修方法,雇用経由
R7.10.23,例織誠全,研修・雇用期間※現段階の期間,Ｒ４．４～Ｒ６．３
R7.10.23,例織誠全,就農区分（予定含）,認新
R7.10.23,例織誠全,＜研修、就農内容等の特記事項＞,農大卒業後、２年間担い手育成協定経営体で雇用研修。Ｒ５．６青年等就農計画認定
R7.10.23,例織誠全,就農年月(予定含),Ｒ６．４
R7.10.23,例織誠全,産業体験・研修・雇用受入経営体名,（株）ＧＡＲＮＥＴＧＡＲＤＥＮ
R7.10.23,例子英也,区分,研修生
R7.10.23,例子英也,就農時期,ぶどう団地
R7.10.23,例子英也,経営部門(主な品目),ぶどう
R7.10.23,例子英也,重点推進事項,産地創生
R7.10.23,例子英也,県内者UT者(前住)IT者(出身),ＵＴ者（大阪府）
R7.10.23,例子英也,研修方法,産業体験
R7.10.23,例子英也,研修・雇用期間※現段階の期間,Ｒ７．６～Ｒ８．３Ｒ１０．９
R7.10.23,例子英也,就農区分（予定含）,認新
R7.10.23,例子英也,＜研修、就農内容等の特記事項＞,Ｒ８年４月農林大学校短期養成コース入学予定希望ぶどう団地への入植希望
R7.10.23,例子英也,就農年月(予定含),Ｒ１０．１０（予定）
R7.10.23,例子英也,産業体験・研修・雇用受入経営体名,ｉａｉファーム（株）
R7.10.23,例子英也,経営部門(主な品目),果樹（ぶどう）
R7.10.23,例子英也,市町村,出雲市
R7.10.23,例本剛,市町村,出雲市
R7.10.23,例淳夫,区分,研修生
R7.10.23,例淳夫,重点推進事項,
R7.10.23,例淳夫,県内者UT者(前住)IT者(出身),県内者
R7.10.23,例淳夫,研修方法,農林大
R7.10.23,例淳夫,研修・雇用期間※現段階の期間,Ｒ６．４．１～Ｒ７．２．２８終了
R7.10.23,例淳夫,就農区分（予定含）,認新
R7.10.23,例淳夫,＜研修、就農内容等の特記事項＞,おかずくらぶにて臨時雇用されながらの研修を経て市内のいちご農家からの第三者継承による就農を希望し、Ｒ６年４月農林大短期養成コース入学。　　り
R7.10.23,例淳夫,就農年月(予定含),Ｒ７．６
R7.10.23,例淳夫,産業体験・研修・雇用受入経営体名,
R7.10.23,例淳夫,経営部門(主な品目),野菜（いちご）
R7.10.23,例淳夫,市町村,出雲市
R7.10.23,例山眞梨,市町村,出雲市
R7.10.23,例木大,市町村,出雲市
R7.10.23,例橋英治,市町村,出雲市
R7.10.23,例橋慶多,市町村,出雲市
R7.10.23,例橋和希,市町村,出雲市
R7.10.23,例井洋成,区分,研修生
R7.10.23,例井洋成,重点推進事項,産地創生
R7.10.23,例井洋成,県内者UT者(前住)IT者(出身),県内者
R7.10.23,例井洋成,研修方法,雇用経由
R7.10.23,例井洋成,研修・雇用期間※現段階の期間,Ｒ６年４月～未定
R7.10.23,例井洋成,就農区分（予定含）,
R7.10.23,例井洋成,＜研修、就農内容等の特記事項＞,Ｒ６．３農林大卒業。
R7.10.23,例井洋成,就農年月(予定含),未定
R7.10.23,例井洋成,産業体験・研修・雇用受入経営体名,ｉａｉファーム（株）
R7.10.23,例井洋成,経営部門(主な品目),果樹（ぶどう）
R7.10.23,例井洋成,市町村,出雲市
R7.10.23,例井洋成,ふりがな,いまいようせい
R7.10.23,例岡義人,区分,研修生
R7.10.23,例岡義人,就農時期,ぶどう団地
R7.10.23,例岡義人,経営部門(主な品目),ぶどう
R7.10.23,例岡義人,重点推進事項,産地創生
R7.10.23,例岡義人,県内者UT者(前住)IT者(出身),県内者
R7.10.23,例岡義人,研修方法,雇用経由
R7.10.23,例岡義人,研修・雇用期間※現段階の期間,Ｒ８．１～Ｒ９．３
R7.10.23,例岡義人,就農区分（予定含）,認新
R7.10.23,例岡義人,＜研修、就農内容等の特記事項＞,Ｒ５．３農大卒業後、浜田市で雇用就農（主にぶどう担当）新団地に入植すべく、Ｒ８．１から出雲市で雇用就農予定
R7.10.23,例岡義人,認定年月日,未定
R7.10.23,例岡義人,就農年月(予定含),Ｒ１０．１０（予定）
R7.10.23,例岡義人,産業体験・研修・雇用受入経営体名,ＪＡいずもアグリ開発
R7.10.23,例岡義人,経営部門(主な品目),果樹（ぶどう）
R7.10.23,例岡義人,市町村,出雲市
R7.10.23,例岡義人,ふりがな,いまおかよしひと
R7.10.23,例岡孝吏,区分,研修生
R7.10.23,例岡孝吏,認定新規就農者,予定
R7.10.23,例岡孝吏,認定新規就農者,認定
R7.10.23,例岡孝吏,経営部門(主な品目),ぶどう
R7.10.23,例岡孝吏,就農地（予定）,大社
R7.10.23,例岡孝吏,就農時期,予定
R7.10.23,例岡孝吏,重点推進事項,産地創生
R7.10.23,例岡孝吏,県内者UT者(前住)IT者(出身),県内者
R7.10.23,例岡孝吏,研修方法,農林大
R7.10.23,例岡孝吏,研修・雇用期間※現段階の期間,（Ｒ７年４月～予定）Ｒ８年３月
R7.10.23,例岡孝吏,就農区分（予定含）,認新
R7.10.23,例岡孝吏,＜研修、就農内容等の特記事項＞,Ｒ７年４月農林大短期養成コース入学予定。
R7.10.23,例岡孝吏,認定年月日,Ｒ８．２（予定）
R7.10.23,例岡孝吏,就農年月(予定含),Ｒ８．３（予定）
R7.10.23,例岡孝吏,産業体験・研修・雇用受入経営体名,
R7.10.23,例岡孝吏,経営部門(主な品目),果樹（ぶどう）
R7.10.23,例岡孝吏,市町村,出雲市
R7.10.23,例若暖生,市町村,出雲市
R7.10.23,例々木葵,区分,研修生
R7.10.23,例々木葵,重点推進事項,
R7.10.23,例々木葵,県内者UT者(前住)IT者(出身),
R7.10.23,例々木葵,研修方法,雇用経由
R7.10.23,例々木葵,研修・雇用期間※現段階の期間,
R7.10.23,例々木葵,就農区分（予定含）,
R7.10.23,例々木葵,＜研修、就農内容等の特記事項＞,Ｒ５．３農林大卒業、就農準備資金。雇用就農しており今後は未定。
R7.10.23,例々木葵,産業体験・研修・雇用受入経営体名,かつべ種畜牧場
R7.10.23,例々木葵,経営部門(主な品目),肉用牛
R7.10.23,例々木葵,市町村,出雲市
R7.10.23,例々木葵,ふりがな,ささきあおい
R7.10.23,例野瑞姫,区分,研修生
R7.10.23,例野瑞姫,重点推進事項,産地創生
R7.10.23,例野瑞姫,県内者UT者(前住)IT者(出身),県内者
R7.10.23,例野瑞姫,研修方法,雇用経由
R7.10.23,例野瑞姫,研修・雇用期間※現段階の期間,Ｒ５．４．１～未定
R7.10.23,例野瑞姫,就農区分（予定含）,
R7.10.23,例野瑞姫,＜研修、就農内容等の特記事項＞,Ｒ５．３農大（果樹専攻）卒業。雇用研修中（雇用就農資金活用中）令和１０年３月頃を目安に自営就農を目指している。
R7.10.23,例野瑞姫,就農年月(予定含),未定
R7.10.23,例野瑞姫,産業体験・研修・雇用受入経営体名,ＪＡいずもアグリ開発
R7.10.23,例野瑞姫,経営部門(主な品目),果樹（ぶどう）
R7.10.23,例野瑞姫,市町村,出雲市
R7.10.23,例原雅智,市町村,出雲市
R7.10.23,例成皓太,区分,研修生
R7.10.23,例成皓太,重点推進事項,産地創生
R7.10.23,例成皓太,県内者UT者(前住)IT者(出身),県内者
R7.10.23,例成皓太,研修方法,雇用経由
R7.10.23,例成皓太,研修・雇用期間※現段階の期間,Ｒ６年４月～Ｒ１１
R7.10.23,例成皓太,就農区分（予定含）,
R7.10.23,例成皓太,＜研修、就農内容等の特記事項＞,Ｒ６．３農林大卒業。
R7.10.23,例成皓太,就農年月(予定含),未定
R7.10.23,例成皓太,産業体験・研修・雇用受入経営体名,ＪＡいずもアグリ開発
R7.10.23,例成皓太,経営部門(主な品目),果樹（ぶどう）
R7.10.23,例成皓太,市町村,出雲市
R7.10.23,例田郁子,市町村,出雲市
R7.10.23,例内庸輔,市町村,出雲市
R7.10.23,例本晃平,市町村,出雲市
R7.10.23,例賀治,市町村,出雲市
R7.10.23,例田大輝,区分,研修生
R7.10.23,例田大輝,重点推進事項,
R7.10.23,例田大輝,県内者UT者(前住)IT者(出身),ＩＴ者（広島県）
R7.10.23,例田大輝,研修方法,産業体験
R7.10.23,例田大輝,研修・雇用期間※現段階の期間,Ｒ７．４～Ｒ８．３
R7.10.23,例田大輝,就農区分（予定含）,認新
R7.10.23,例田大輝,＜研修、就農内容等の特記事項＞,Ｒ８年４月農林大学校短期養成コース入学予定希望
R7.10.23,例田大輝,就農年月(予定含),Ｒ９．３（予定）
R7.10.23,例田大輝,産業体験・研修・雇用受入経営体名,ｉａｉファーム（株）
R7.10.23,例田大輝,経営部門(主な品目),果樹（ぶどう）
R7.10.23,例田大輝,市町村,出雲市
R7.10.23,例田大輝,ふりがな,しばたひろき
R7.10.23,例銭洸太,区分,研修生
R7.10.23,例銭洸太,重点推進事項,
R7.10.23,例銭洸太,県内者UT者(前住)IT者(出身),県内者
R7.10.23,例銭洸太,研修方法,雇用経由
R7.10.23,例銭洸太,研修・雇用期間※現段階の期間,Ｒ６．４～Ｒ９．３
R7.10.23,例銭洸太,就農区分（予定含）,制度外
R7.10.23,例銭洸太,＜研修、就農内容等の特記事項＞,Ｒ６．３農林大卒業、出雲市の県農業技術センターに果樹作業員としてＲ９．３まで雇用研修父が経営するぶどう園の法人化に合わせ経営に入る予定
R7.10.23,例銭洸太,就農年月(予定含),Ｒ９．４（予定）
R7.10.23,例銭洸太,産業体験・研修・雇用受入経営体名,農業技術センター
R7.10.23,例銭洸太,経営部門(主な品目),果樹（ぶどう）
R7.10.23,例銭洸太,市町村,出雲市
R7.10.23,例銭洸太,ふりがな,てぜにこうた
R7.10.23,例日佑太,区分,研修生
R7.10.23,例日佑太,就農時期,予定
R7.10.23,例日佑太,就農地（予定）,大社
R7.10.23,例日佑太,認定新規就農者,予定
R7.10.23,例日佑太,産業体験・研修・雇用受入経営体名,
R7.10.23,例日佑太,重点推進事項,
R7.10.23,例日佑太,県内者UT者(前住)IT者(出身),ＩＴ者（大阪府）
R7.10.23,例日佑太,研修方法,産業体験
R7.10.23,例日佑太,研修・雇用期間※現段階の期間,Ｒ７年９月～Ｒ８．３（予定）Ｒ１０年９月
R7.10.23,例日佑太,就農区分（予定含）,認新
R7.10.23,例日佑太,＜研修、就農内容等の特記事項＞,叔父のぶどう園（大社町）で手伝いをしている。Ｒ８年４月農林大学校短期養成コース入学予定希望ぶどう団地への入植希望叔父と親戚が規模縮小する農地を引継ぎ就農する計画で検討中
R7.10.23,例日佑太,就農年月(予定含),Ｒ１０．１０（予定）
R7.10.23,例日佑太,産業体験・研修・雇用受入経営体名,青木文雄（予定）
R7.10.23,例日佑太,経営部門(主な品目),果樹（ぶどう）
R7.10.23,例日佑太,市町村,出雲市
R7.10.23,例日佑太,ふりがな,かすがゆうた
R7.10.23,例部正則,市町村,出雲市
R7.10.23,例部和樹,区分,研修生
R7.10.23,例部和樹,重点推進事項,
R7.10.23,例部和樹,県内者UT者(前住)IT者(出身),
R7.10.23,例部和樹,研修方法,
R7.10.23,例部和樹,研修・雇用期間※現段階の期間,
R7.10.23,例部和樹,就農区分（予定含）,認新
R7.10.23,例部和樹,＜研修、就農内容等の特記事項＞,就農準備資金
R7.10.23,例部和樹,産業体験・研修・雇用受入経営体名,（農）おきす
R7.10.23,例部和樹,市町村,出雲市
R7.10.23,例部和樹,ふりがな,かつべかずき
R7.10.23,例田武司,市町村,出雲市
R7.10.23,例山杏佳,区分,研修生
R7.10.23,例山杏佳,認定新規就農者,予定
R7.10.23,例山杏佳,認定新規就農者,認定
R7.10.23,例山杏佳,経営部門(主な品目),柿
R7.10.23,例山杏佳,就農地（予定）,平田
R7.10.23,例山杏佳,就農時期,予定
R7.10.23,例山杏佳,重点推進事項,産地創生
R7.10.23,例山杏佳,県内者UT者(前住)IT者(出身),県内者
R7.10.23,例山杏佳,研修方法,独自農家
R7.10.23,例山杏佳,研修・雇用期間※現段階の期間,Ｒ６年９月～Ｒ７年３月
R7.10.23,例山杏佳,就農区分（予定含）,認新
R7.10.23,例山杏佳,＜研修、就農内容等の特記事項＞,Ｒ７年４月農林大短期養成コース入学予定希望。
R7.10.23,例山杏佳,認定年月日,Ｒ８．２（予定）
R7.10.23,例山杏佳,就農年月(予定含),Ｒ８．３（予定）
R7.10.23,例山杏佳,産業体験・研修・雇用受入経営体名,常松修
R7.10.23,例山杏佳,経営部門(主な品目),果樹（柿）
R7.10.23,例山杏佳,市町村,出雲市
R7.10.23,例山智子,市町村,出雲市
R7.10.23,例津健太,市町村,出雲市
R7.10.23,例澤慎平,区分,研修生
R7.10.23,例澤慎平,就農時期,予定
R7.10.23,例澤慎平,重点推進事項,産地創生
R7.10.23,例澤慎平,県内者UT者(前住)IT者(出身),ＩＴ者（東京都）
R7.10.23,例澤慎平,研修方法,雇用経由
R7.10.23,例澤慎平,研修・雇用期間※現段階の期間,Ｒ６年５月～Ｒ７年３月
R7.10.23,例澤慎平,就農区分（予定含）,認新
R7.10.23,例澤慎平,＜研修、就農内容等の特記事項＞,Ｒ７年４月農林大短期養成コース入学予定希望。
R7.10.23,例澤慎平,就農年月(予定含),Ｒ８．３（予定）
R7.10.23,例澤慎平,産業体験・研修・雇用受入経営体名,農技センター
R7.10.23,例澤慎平,経営部門(主な品目),果樹（ぶどう）
R7.10.23,例田いず,就農時期,予定
R7.10.23,例田いず,就農地（予定）,斐川
R7.10.23,例田いず,認定新規就農者,予定
R7.10.23,例田いず,産業体験・研修・雇用受入経営体名,
R7.10.23,例田いず,市町村,出雲市
R7.10.23,例田いず,ふりがな,かんだいずみ
R7.10.23,例田颯太,市町村,出雲市
R7.10.23,例伸太郎,区分,研修生
R7.10.23,例伸太郎,認定新規就農者,予定
R7.10.23,例伸太郎,認定新規就農者,認定
R7.10.23,例伸太郎,経営部門(主な品目),ぶどう
R7.10.23,例伸太郎,就農地（予定）,斐川
R7.10.23,例伸太郎,就農時期,予定
R7.10.23,例伸太郎,重点推進事項,産地創生
R7.10.23,例伸太郎,県内者UT者(前住)IT者(出身),県内者
R7.10.23,例伸太郎,研修方法,雇用経由
R7.10.23,例伸太郎,研修・雇用期間※現段階の期間,
R7.10.23,例伸太郎,就農区分（予定含）,認新
R7.10.23,例伸太郎,＜研修、就農内容等の特記事項＞,Ｈ３１．３月、農林大学校卒業６月下旬に情報交換と協議予定借用予定ハウスの現所有農家等でアルバイトしている。ハウスは確保済み（２カ所、１６ａ＋８ａ）
R7.10.23,例伸太郎,認定年月日,Ｒ８．２（予定）
R7.10.23,例伸太郎,就農年月(予定含),Ｒ８．３（予定）
R7.10.23,例伸太郎,産業体験・研修・雇用受入経営体名,
R7.10.23,例伸太郎,経営部門(主な品目),果樹（ぶどう）
R7.10.23,例伸太郎,市町村,出雲市
R7.10.23,例伸太郎,ふりがな,すぎのぶたろう
R7.10.23,例野博,市町村,出雲市
R7.10.23,例飛葵惟,区分,就農者
R7.10.23,例飛葵惟,重点推進事項,産地創生
R7.10.23,例飛葵惟,県内者UT者(前住)IT者(出身),県内者
R7.10.23,例飛葵惟,研修方法,農林大
R7.10.23,例飛葵惟,研修・雇用期間※現段階の期間,Ｒ５年４月～Ｒ７年３月
R7.10.23,例飛葵惟,就農区分（予定含）,認新
R7.10.23,例飛葵惟,＜研修、就農内容等の特記事項＞,農大養成課程１年生、卒業後自営就農希望、関係機関で既に２回就農相談対応。父が認定農業者・指導農業士。父と同じ経営作目（野菜）で、父の経営とは別に、４／１に新たに経営開始した。
R7.10.23,例飛葵惟,就農年月(予定含),Ｒ７．４
R7.10.23,例飛葵惟,産業体験・研修・雇用受入経営体名,（養成課程）
R7.10.23,例飛育久,市町村,出雲市
R7.10.23,例上亜希,区分,就農者
R7.10.23,例上亜希,重点推進事項,産地創生
R7.10.23,例上亜希,県内者UT者(前住)IT者(出身),県内者
R7.10.23,例上亜希,研修方法,独自農家
R7.10.23,例上亜希,研修・雇用期間※現段階の期間,
R7.10.23,例上亜希,就農区分（予定含）,認新
R7.10.23,例上亜希,＜研修、就農内容等の特記事項＞,祖父が栽培をしていたぶどう施設を継承し、周りの農家に教えてもらいながらＲ５年９月３０日～就農を開始した。令和７年度に実績認定をした。
R7.10.23,例上亜希,産業体験・研修・雇用受入経営体名,
R7.10.23,例上亜希,経営部門(主な品目),果樹（ぶどう）
R7.10.23,例上貴弘,区分,研修生
R7.10.23,例上貴弘,認定新規就農者,予定
R7.10.23,例上貴弘,認定新規就農者,認定
R7.10.23,例上貴弘,経営部門(主な品目),ぶどう
R7.10.23,例上貴弘,就農地（予定）,大社
R7.10.23,例上貴弘,就農時期,予定
R7.10.23,例上貴弘,重点推進事項,産地創生
R7.10.23,例上貴弘,県内者UT者(前住)IT者(出身),県内者
R7.10.23,例上貴弘,研修方法,農林大
R7.10.23,例上貴弘,研修・雇用期間※現段階の期間,（Ｒ７年４月～予定）Ｒ８年２月
R7.10.23,例上貴弘,就農区分（予定含）,認新
R7.10.23,例上貴弘,＜研修、就農内容等の特記事項＞,Ｒ７年４月農林大短期養成コース入学予定。
R7.10.23,例上貴弘,認定年月日,Ｒ８．２（予定）
R7.10.23,例上貴弘,就農年月(予定含),Ｒ８．３（予定）
R7.10.23,例上貴弘,産業体験・研修・雇用受入経営体名,ｉａｉファーム（株）
R7.10.23,例上貴弘,経営部門(主な品目),果樹（ぶどう）
R7.10.23,例上貴弘,市町村,出雲市
R7.10.23,例上勝則,市町村,出雲市
R7.10.23,例塚由香,区分,研修生
R7.10.23,例塚由香,就農時期,予定
R7.10.23,例塚由香,就農地（予定）,多伎
R7.10.23,例塚由香,認定新規就農者,予定
R7.10.23,例塚由香,産業体験・研修・雇用受入経営体名,
R7.10.23,例塚由香,重点推進事項,
R7.10.23,例塚由香,県内者UT者(前住)IT者(出身),県内者
R7.10.23,例塚由香,研修方法,雇用経由
R7.10.23,例塚由香,研修・雇用期間※現段階の期間,Ｒ７．１０～Ｒ８．１２
R7.10.23,例塚由香,就農区分（予定含）,認新
R7.10.23,例塚由香,＜研修、就農内容等の特記事項＞,現在、雇用研修をしながらハウス建設予定地を探している
R7.10.23,例塚由香,就農年月(予定含),Ｒ９．１（予定）
R7.10.23,例塚由香,産業体験・研修・雇用受入経営体名,（株）イ農ベルみだみ
R7.10.23,例塚由香,経営部門(主な品目),その他（菌床しいたけ）
R7.10.23,例塚由香,市町村,出雲市
R7.10.23,例塚由香,ふりがな,おおつかゆか
R7.10.23,例田瑠眞,区分,研修生
R7.10.23,例田瑠眞,重点推進事項,
R7.10.23,例田瑠眞,県内者UT者(前住)IT者(出身),
R7.10.23,例田瑠眞,研修方法,雇用経由
R7.10.23,例田瑠眞,研修・雇用期間※現段階の期間,
R7.10.23,例田瑠眞,就農区分（予定含）,
R7.10.23,例田瑠眞,＜研修、就農内容等の特記事項＞,Ｒ５．３農林大卒業、就農準備資金。３～４年雇用就農後、地元の隠岐の島での自営就農希望※研修地（出雲農業部）でカウント
R7.10.23,例田瑠眞,産業体験・研修・雇用受入経営体名,藤増牧場
R7.10.23,例田瑠眞,経営部門(主な品目),肉用牛
R7.10.23,例田瑠眞,市町村,出雲市
R7.10.23,例田瑠眞,ふりがな,おおたるま
R7.10.23,例島浩志,区分,研修生
R7.10.23,例島浩志,重点推進事項,
R7.10.23,例島浩志,県内者UT者(前住)IT者(出身),県内者
R7.10.23,例島浩志,研修方法,雇用経由
R7.10.23,例島浩志,研修・雇用期間※現段階の期間,Ｒ５年４月～未定終了して雇用
R7.10.23,例島浩志,就農区分（予定含）,認新
R7.10.23,例島浩志,＜研修、就農内容等の特記事項＞,Ｒ５年３月農大野菜専攻卒、いちごでの独立自営就農を目指し、（株）わなかで雇用研修開始。研修期間は未定（生越社長は５年間を勧めている）。就農地は実家のある出雲市所原町周辺を希望。→研修先でカウント　出雲市大田市
R7.10.23,例島浩志,就農年月(予定含),未定
R7.10.23,例島浩志,産業体験・研修・雇用受入経営体名,（株）わなか
R7.10.23,例島浩志,経営部門(主な品目),野菜（いちご）
R7.10.23,例島浩志,市町村,出雲市
R7.10.23,例福ひか,区分,就農者
R7.10.23,例福ひか,重点推進事項,産地創生
R7.10.23,例福ひか,県内者UT者(前住)IT者(出身),県内者
R7.10.23,例福ひか,研修方法,農林大
R7.10.23,例福ひか,研修・雇用期間※現段階の期間,Ｒ６．４～Ｒ７．２
R7.10.23,例福ひか,就農区分（予定含）,認新
R7.10.23,例福ひか,＜研修、就農内容等の特記事項＞,ぶどうでの就農を目指し、Ｒ６年４月農大短期養成コース入学。Ｒ６年５月就農計画認定。
R7.10.23,例福ひか,就農年月(予定含),Ｒ７．３（予定）
R7.10.23,例福ひか,産業体験・研修・雇用受入経営体名,伊藤康浩
R7.10.23,例和田裕,区分,研修生
R7.10.23,例和田裕,重点推進事項,
R7.10.23,例和田裕,県内者UT者(前住)IT者(出身),ＩＴ者（広島県）
R7.10.23,例和田裕,研修方法,産業体験
R7.10.23,例和田裕,研修・雇用期間※現段階の期間,Ｒ７．６～Ｒ８．３
R7.10.23,例和田裕,就農区分（予定含）,認新
R7.10.23,例和田裕,＜研修、就農内容等の特記事項＞,Ｒ８年４月農林大学校短期養成コース入学予定希望農地２３ａを確保（生産圃場継承）（Ｒ７年１０月６日就農相談）自営就農は断念し農業に限らず就業する。農地確保は解除、農大入学は中止、産業体験は継続（Ｒ７年１１月２８日就農相談）１２／１　経営に自信が持てないとのことで就農断念された。
R7.10.23,例和田裕,就農年月(予定含),Ｒ９．３（予定）
R7.10.23,例和田裕,産業体験・研修・雇用受入経営体名,今若暖生
R7.10.23,例和田裕,経営部門(主な品目),野菜（アスパラガス）
R7.10.23,例和田裕,市町村,出雲市
R7.10.23,例口太一,区分,就農者
R7.10.23,例口太一,重点推進事項,産地創生
R7.10.23,例口太一,県内者UT者(前住)IT者(出身),県内者
R7.10.23,例口太一,研修方法,雇用経由
R7.10.23,例口太一,研修・雇用期間※現段階の期間,Ｒ５．１．１～Ｒ６．１２
R7.10.23,例口太一,就農区分（予定含）,認新
R7.10.23,例口太一,＜研修、就農内容等の特記事項＞,土建業から転職、ぶどうでの就農を目指し、アグリ開発で２年間の雇用研修（雇用就農資金活用）を経て、Ｒ６．７青年等就農計画認定。
R7.10.23,例口太一,就農年月(予定含),Ｒ７．１
R7.10.23,例口太一,産業体験・研修・雇用受入経営体名,ＪＡいずもアグリ開発
R7.10.23,例下義和,区分,研修生
R7.10.23,例下義和,就農時期,予定
R7.10.23,例下義和,重点推進事項,産地創生
R7.10.23,例下義和,県内者UT者(前住)IT者(出身),県内者
R7.10.23,例下義和,研修方法,雇用経由
R7.10.23,例下義和,研修・雇用期間※現段階の期間,Ｒ６年４月～現在Ｒ７．１２月
R7.10.23,例下義和,就農区分（予定含）,認新
R7.10.23,例下義和,＜研修、就農内容等の特記事項＞,現在、ハウス建設予定地を探している（候補地は古志と長浜の２か所）。Ｒ７年度ハウス等整備事業の要望調査に手挙げ済み。Ｒ７．９月ハウス等整備事業交付決定を受けてハウス１棟建設中（荒茅町）
R7.10.23,例下義和,就農年月(予定含),Ｒ８．１（予定）
R7.10.23,例下義和,産業体験・研修・雇用受入経営体名,（株）イ農ベルみだみ
R7.10.23,例下義和,経営部門(主な品目),その他（菌床しいたけ）
R7.10.23,例村陽介,市町村,出雲市
R7.10.23,例谷洸大,市町村,出雲市
R7.10.23,例間正史,市町村,出雲市
R7.10.23,例原叶翔,区分,研修生
R7.10.23,例原叶翔,重点推進事項,産地創生
R7.10.23,例原叶翔,県内者UT者(前住)IT者(出身),県内者
R7.10.23,例原叶翔,研修方法,雇用経由
R7.10.23,例原叶翔,研修・雇用期間※現段階の期間,Ｒ６年４月～未定Ｒ１０
R7.10.23,例原叶翔,就農区分（予定含）,認新
R7.10.23,例原叶翔,＜研修、就農内容等の特記事項＞,Ｒ６．３農林大卒業。
R7.10.23,例原叶翔,就農年月(予定含),Ｒ９．３
R7.10.23,例原叶翔,産業体験・研修・雇用受入経営体名,ＪＡいずもアグリ開発
R7.10.23,例原叶翔,経営部門(主な品目),果樹（ぶどう）
R7.10.23,例原叶翔,市町村,出雲市
R7.10.23,例原駿太,区分,研修生
R7.10.23,例原駿太,就農時期,就農
R7.10.23,例原駿太,重点推進事項,水田園芸
R7.10.23,例原駿太,県内者UT者(前住)IT者(出身),県内者
R7.10.23,例原駿太,研修方法,雇用経由
R7.10.23,例原駿太,研修・雇用期間※現段階の期間,Ｒ２年４月頃～現在
R7.10.23,例原駿太,就農区分（予定含）,認新
R7.10.23,例原駿太,＜研修、就農内容等の特記事項＞,農大（２年課程）卒業後、神田農産（株）で雇用研修、現在７年目。Ｒ８年３月就農を目指し、就農計画作成を進める（Ｒ６．６．１１面談）。
R7.10.23,例原駿太,就農年月(予定含),Ｒ８．３
R7.10.23,例原駿太,産業体験・研修・雇用受入経営体名,神田農産
R7.10.23,例原駿太,経営部門(主な品目),野菜（アスパラガス他）
R7.10.23,例川裕司,市町村,出雲市
R7.10.23,例田里美,区分,就農者
R7.10.23,例田里美,重点推進事項,水田園芸
R7.10.23,例田里美,県内者UT者(前住)IT者(出身),ＵＴ者（東京都）
R7.10.23,例田里美,研修方法,農林大
R7.10.23,例田里美,研修・雇用期間※現段階の期間,Ｒ６．４～Ｒ７．２
R7.10.23,例田里美,就農区分（予定含）,認新
R7.10.23,例田里美,＜研修、就農内容等の特記事項＞,産業体験：Ｒ５．４．１～Ｒ６．３．３１アスパラでの就農を目指し、Ｒ６年４月農大短期養成コース入学。Ｒ６．７青年等就農計画認定。
R7.10.23,例田里美,就農年月(予定含),Ｒ７．３（予定）
R7.10.23,例田里美,産業体験・研修・雇用受入経営体名,星野博
R7.10.23,例部伸,区分,研修生
R7.10.23,例部伸,重点推進事項,
R7.10.23,例部伸,県内者UT者(前住)IT者(出身),ＩＴ者（兵庫県）
R7.10.23,例部伸,研修方法,産業体験
R7.10.23,例部伸,研修・雇用期間※現段階の期間,Ｒ７．５～Ｒ８．３
R7.10.23,例部伸,就農区分（予定含）,認新
R7.10.23,例部伸,＜研修、就農内容等の特記事項＞,Ｒ８年４月農林大学校短期養成コース入学予定希望Ｒ７年８月兵庫県へ帰る。
R7.10.23,例部伸,就農年月(予定含),Ｒ９．３（予定）
R7.10.23,例部伸,産業体験・研修・雇用受入経営体名,今若暖生神田農産（株）
R7.10.23,例部伸,経営部門(主な品目),野菜（アスパラガス）
R7.10.23,例部伸,市町村,出雲市
R7.10.23,例島克博,市町村,出雲市
R7.10.23,例山加那,区分,研修生
R7.10.23,例山加那,就農時期,予定
R7.10.23,例山加那,就農地（予定）,大社
R7.10.23,例山加那,認定新規就農者,予定
R7.10.23,例山加那,産業体験・研修・雇用受入経営体名,
R7.10.23,例山加那,重点推進事項,
R7.10.23,例山加那,県内者UT者(前住)IT者(出身),県内者
R7.10.23,例山加那,研修方法,農林大
R7.10.23,例山加那,研修・雇用期間※現段階の期間,Ｒ８．４～Ｒ９．３
R7.10.23,例山加那,就農区分（予定含）,認新
R7.10.23,例山加那,＜研修、就農内容等の特記事項＞,Ｒ８年４月農林大学校短期養成コース入学予定希望空きハウスを引き継ぎ就農予定
R7.10.23,例山加那,就農年月(予定含),Ｒ９．３（予定）
R7.10.23,例山加那,産業体験・研修・雇用受入経営体名,岩谷隼汰
R7.10.23,例山加那,経営部門(主な品目),果樹（ぶどう）
R7.10.23,例山加那,市町村,出雲市
R7.10.23,例山加那,ふりがな,よねやまかなこ
R7.10.23,例地孝之,市町村,出雲市
R7.10.23,例楽達彦,市町村,出雲市
R7.10.23,例楽和彦,市町村,出雲市
R7.10.23,例本崇博,区分,研修生
R7.10.23,例本崇博,就農時期,ぶどう団地
R7.10.23,例本崇博,経営部門(主な品目),ぶどう
R7.10.23,例本崇博,重点推進事項,産地創生
R7.10.23,例本崇博,県内者UT者(前住)IT者(出身),ＩＴ者（広島県）
R7.10.23,例本崇博,研修方法,産業体験
R7.10.23,例本崇博,研修・雇用期間※現段階の期間,Ｒ７．１０～Ｒ８．３Ｒ１０．９
R7.10.23,例本崇博,就農区分（予定含）,認新
R7.10.23,例本崇博,＜研修、就農内容等の特記事項＞,Ｒ８年４月農林大学校短期養成コース入学予定希望ぶどう団地への入植希望
R7.10.23,例本崇博,就農年月(予定含),Ｒ１０．１０（予定）
R7.10.23,例本崇博,産業体験・研修・雇用受入経営体名,ｉａｉファーム（株）
R7.10.23,例本崇博,経営部門(主な品目),果樹（ぶどう）
R7.10.23,例本崇博,市町村,出雲市
R8.1.1,例下義和,就農年月(予定含),予定
R8.2.3,例岡孝吏,青年等就農計画推進会議,新規就農
R8.2.3,例岡孝吏,ふりがな,いまおかたかし
R8.2.3,例山杏佳,青年等就農計画推進会議,新規就農
R8.2.3,例伸太郎,青年等就農計画推進会議,新規就農
R8.2.3,例上貴弘,青年等就農計画推進会議,新規就農
R8.3.1,例澤慎平,就農年月(予定含),予定
R8.3.1,例原駿太,就農年月(予定含),予定
M33.1.0,例藤学,ふりがな,いとうまなぶ
M33.1.0,例橋育人,ふりがな,たかはしいくひと
M33.1.0,例部和志,ふりがな,かつべかずし
M33.1.0,例間智,ふりがな,いくまさとし
M33.1.0,例飛忠宏,ふりがな,いしとびただひろ
M33.1.0,例上将功,ふりがな,かわかみまさのり
M33.1.0,例田明裕,ふりがな,そたあきひろ
M33.1.0,例田直己,ふりがな,あつたなおき
M33.1.0,例井忍,ふりがな,ひらいしのぶ
M33.1.0,例村大介,ふりがな,はまむらだいすけ
